letter,word,year,count
a,alliance,1515,30
a,alliance,1520,4
a,alliance,1524,16
a,alliance,1572,2
a,alliance,1575,10
a,alliance,1579,102
a,alliance,1581,46
a,alliance,1582,26
a,alliance,1584,2
a,alliance,1588,4
a,alliance,1590,20
a,alliance,1598,4
a,alliance,1607,20
a,alliance,1612,10
a,alliance,1620,4
a,alliance,1626,2
a,alliance,1630,2
a,alliance,1631,4
a,alliance,1632,8
a,alliance,1635,12
a,alliance,1637,44
a,alliance,1638,2
a,alliance,1644,18
a,alliance,1647,2
a,alliance,1648,146
a,alliance,1649,6
a,alliance,1653,18
a,alliance,1654,4
a,alliance,1655,46
a,alliance,1656,10
a,alliance,1657,16
a,alliance,1658,32
a,alliance,1659,14
a,alliance,1661,2
a,alliance,1662,8
a,alliance,1664,6
a,alliance,1665,2
a,alliance,1667,96
a,alliance,1668,20
a,alliance,1669,2
a,alliance,1670,60
a,alliance,1671,2
a,alliance,1672,2
a,alliance,1673,68
a,alliance,1675,50
a,alliance,1676,46
a,alliance,1677,6
a,alliance,1678,56
a,alliance,1679,94
a,alliance,1680,342
a,alliance,1681,80
a,alliance,1682,26
a,alliance,1683,156
a,alliance,1684,20
a,alliance,1685,162
a,alliance,1686,54
a,alliance,1687,132
a,alliance,1688,96
a,alliance,1689,30
a,alliance,1690,8
a,alliance,1691,4
a,alliance,1692,82
a,alliance,1693,50
a,alliance,1694,32
a,alliance,1695,14
a,alliance,1696,18
a,alliance,1697,64
a,alliance,1698,152
a,alliance,1699,142
a,alliance,1700,268
a,alliance,1701,70
a,alliance,1702,234
a,alliance,1703,214
a,alliance,1704,378
a,alliance,1705,300
a,alliance,1706,252
a,alliance,1707,594
a,alliance,1708,160
a,alliance,1709,204
a,alliance,1710,212
a,alliance,1711,1056
a,alliance,1712,510
a,alliance,1713,112
a,alliance,1714,578
a,alliance,1715,634
a,alliance,1716,440
a,alliance,1717,252
a,alliance,1718,88
a,alliance,1719,332
a,alliance,1720,236
a,alliance,1721,198
a,alliance,1722,100
a,alliance,1723,286
a,alliance,1724,686
a,alliance,1725,536
a,alliance,1726,344
a,alliance,1727,1018
a,alliance,1728,698
a,alliance,1729,984
a,alliance,1730,742
a,alliance,1731,1332
a,alliance,1732,1042
a,alliance,1733,550
a,alliance,1734,822
a,alliance,1735,604
a,alliance,1736,504
a,alliance,1737,244
a,alliance,1738,556
a,alliance,1739,844
a,alliance,1740,1174
a,alliance,1741,644
a,alliance,1742,716
a,alliance,1743,814
a,alliance,1744,1500
a,alliance,1745,366
a,alliance,1746,654
a,alliance,1747,1624
a,alliance,1748,908
a,alliance,1749,696
a,alliance,1750,1508
a,alliance,1751,860
a,alliance,1752,2148
a,alliance,1753,1590
a,alliance,1754,2372
a,alliance,1755,1534
a,alliance,1756,572
a,alliance,1757,1200
a,alliance,1758,2244
a,alliance,1759,2450
a,alliance,1760,1470
a,alliance,1761,4522
a,alliance,1762,1446
a,alliance,1763,2912
a,alliance,1764,2234
a,alliance,1765,894
a,alliance,1766,2758
a,alliance,1767,890
a,alliance,1768,2726
a,alliance,1769,1274
a,alliance,1770,1924
a,alliance,1771,1698
a,alliance,1772,1214
a,alliance,1773,1790
a,alliance,1774,1242
a,alliance,1775,2186
a,alliance,1776,1574
a,alliance,1777,1666
a,alliance,1778,2300
a,alliance,1779,2474
a,alliance,1780,1560
a,alliance,1781,2208
a,alliance,1782,2772
a,alliance,1783,1296
a,alliance,1784,1518
a,alliance,1785,1388
a,alliance,1786,2568
a,alliance,1787,4140
a,alliance,1788,4180
a,alliance,1789,6718
a,alliance,1790,3230
a,alliance,1791,3092
a,alliance,1792,3590
a,alliance,1793,3562
a,alliance,1794,2360
a,alliance,1795,3280
a,alliance,1796,3666
a,alliance,1797,3620
a,alliance,1798,3414
a,alliance,1799,2148
a,alliance,1800,5180
a,alliance,1801,7202
a,alliance,1802,8942
a,alliance,1803,6636
a,alliance,1804,9804
a,alliance,1805,9538
a,alliance,1806,7986
a,alliance,1807,8974
a,alliance,1808,8892
a,alliance,1809,8948
a,alliance,1810,10692
a,alliance,1811,13370
a,alliance,1812,9842
a,alliance,1813,7696
a,alliance,1814,13274
a,alliance,1815,10902
a,alliance,1816,8926
a,alliance,1817,12782
a,alliance,1818,14360
a,alliance,1819,9424
a,alliance,1820,16622
a,alliance,1821,10048
a,alliance,1822,15954
a,alliance,1823,20544
a,alliance,1824,13554
a,alliance,1825,21190
a,alliance,1826,22838
a,alliance,1827,15946
a,alliance,1828,18586
a,alliance,1829,20512
a,alliance,1830,17288
a,alliance,1831,18326
a,alliance,1832,18460
a,alliance,1833,14526
a,alliance,1834,17314
a,alliance,1835,21282
a,alliance,1836,30290
a,alliance,1837,20724
a,alliance,1838,20144
a,alliance,1839,23748
a,alliance,1840,25226
a,alliance,1841,23492
a,alliance,1842,16254
a,alliance,1843,18688
a,alliance,1844,25814
a,alliance,1845,31426
a,alliance,1846,31340
a,alliance,1847,35390
a,alliance,1848,29118
a,alliance,1849,31114
a,alliance,1850,30136
a,alliance,1851,38982
a,alliance,1852,35514
a,alliance,1853,40312
a,alliance,1854,45864
a,alliance,1855,40836
a,alliance,1856,40744
a,alliance,1857,39726
a,alliance,1858,35320
a,alliance,1859,33498
a,alliance,1860,32276
a,alliance,1861,29898
a,alliance,1862,21564
a,alliance,1863,23904
a,alliance,1864,34298
a,alliance,1865,23958
a,alliance,1866,29920
a,alliance,1867,23868
a,alliance,1868,23544
a,alliance,1869,24884
a,alliance,1870,24754
a,alliance,1871,26724
a,alliance,1872,25356
a,alliance,1873,26108
a,alliance,1874,32790
a,alliance,1875,46032
a,alliance,1876,33598
a,alliance,1877,47690
a,alliance,1878,34360
a,alliance,1879,34266
a,alliance,1880,46624
a,alliance,1881,41988
a,alliance,1882,48734
a,alliance,1883,42110
a,alliance,1884,45924
a,alliance,1885,43444
a,alliance,1886,37324
a,alliance,1887,45080
a,alliance,1888,38002
a,alliance,1889,40734
a,alliance,1890,43576
a,alliance,1891,49660
a,alliance,1892,48962
a,alliance,1893,42650
a,alliance,1894,53810
a,alliance,1895,47856
a,alliance,1896,56216
a,alliance,1897,50614
a,alliance,1898,64554
a,alliance,1899,66276
a,alliance,1900,78044
a,alliance,1901,72862
a,alliance,1902,71748
a,alliance,1903,61536
a,alliance,1904,73622
a,alliance,1905,74604
a,alliance,1906,70672
a,alliance,1907,66722
a,alliance,1908,68376
a,alliance,1909,60834
a,alliance,1910,58338
a,alliance,1911,58744
a,alliance,1912,62778
a,alliance,1913,64816
a,alliance,1914,71374
a,alliance,1915,88922
a,alliance,1916,72872
a,alliance,1917,65878
a,alliance,1918,71954
a,alliance,1919,74286
a,alliance,1920,86186
a,alliance,1921,72904
a,alliance,1922,75384
a,alliance,1923,62236
a,alliance,1924,57456
a,alliance,1925,60590
a,alliance,1926,53398
a,alliance,1927,66342
a,alliance,1928,67422
a,alliance,1929,67502
a,alliance,1930,66632
a,alliance,1931,70760
a,alliance,1932,52778
a,alliance,1933,52274
a,alliance,1934,75836
a,alliance,1935,62840
a,alliance,1936,75186
a,alliance,1937,59856
a,alliance,1938,77654
a,alliance,1939,73314
a,alliance,1940,68344
a,alliance,1941,56256
a,alliance,1942,53266
a,alliance,1943,53964
a,alliance,1944,45244
a,alliance,1945,41096
a,alliance,1946,57106
a,alliance,1947,66182
a,alliance,1948,64006
a,alliance,1949,72364
a,alliance,1950,73124
a,alliance,1951,88268
a,alliance,1952,77172
a,alliance,1953,73782
a,alliance,1954,77520
a,alliance,1955,92562
a,alliance,1956,82128
a,alliance,1957,93148
a,alliance,1958,100012
a,alliance,1959,94920
a,alliance,1960,117698
a,alliance,1961,134116
a,alliance,1962,163594
a,alliance,1963,183470
a,alliance,1964,190410
a,alliance,1965,212138
a,alliance,1966,230508
a,alliance,1967,250578
a,alliance,1968,250378
a,alliance,1969,265934
a,alliance,1970,255004
a,alliance,1971,241390
a,alliance,1972,249514
a,alliance,1973,217436
a,alliance,1974,214370
a,alliance,1975,220446
a,alliance,1976,224858
a,alliance,1977,208960
a,alliance,1978,208112
a,alliance,1979,225098
a,alliance,1980,231932
a,alliance,1981,224230
a,alliance,1982,219566
a,alliance,1983,236018
a,alliance,1984,264936
a,alliance,1985,272030
a,alliance,1986,269558
a,alliance,1987,285906
a,alliance,1988,318082
a,alliance,1989,306412
a,alliance,1990,343810
a,alliance,1991,327876
a,alliance,1992,336672
a,alliance,1993,336150
a,alliance,1994,360096
a,alliance,1995,368118
a,alliance,1996,420388
a,alliance,1997,409034
a,alliance,1998,441686
a,alliance,1999,470888
a,alliance,2000,523556
a,alliance,2001,548454
a,alliance,2002,620884
a,alliance,2003,622888
a,alliance,2004,655182
a,alliance,2005,630832
a,alliance,2006,680232
a,alliance,2007,752858
a,alliance,2008,819214
a,attack,1507,8
a,attack,1515,2
a,attack,1520,6
a,attack,1524,90
a,attack,1563,60
a,attack,1564,2
a,attack,1572,18
a,attack,1575,166
a,attack,1579,16
a,attack,1581,16
a,attack,1582,80
a,attack,1584,36
a,attack,1587,4
a,attack,1590,52
a,attack,1592,2
a,attack,1600,6
a,attack,1607,24
a,attack,1620,4
a,attack,1624,4
a,attack,1628,12
a,attack,1632,22
a,attack,1635,52
a,attack,1637,64
a,attack,1643,20
a,attack,1644,60
a,attack,1645,14
a,attack,1647,4
a,attack,1648,166
a,attack,1649,86
a,attack,1650,4
a,attack,1653,2
a,attack,1654,2
a,attack,1657,16
a,attack,1661,2
a,attack,1662,4
a,attack,1664,14
a,attack,1669,4
a,attack,1671,4
a,attack,1673,6
a,attack,1675,72
a,attack,1676,8
a,attack,1677,4
a,attack,1678,12
a,attack,1679,14
a,attack,1680,130
a,attack,1681,2
a,attack,1682,88
a,attack,1683,40
a,attack,1684,80
a,attack,1685,274
a,attack,1686,88
a,attack,1687,28
a,attack,1688,76
a,attack,1689,50
a,attack,1690,8
a,attack,1691,16
a,attack,1692,20
a,attack,1693,170
a,attack,1694,26
a,attack,1695,10
a,attack,1696,10
a,attack,1697,20
a,attack,1698,216
a,attack,1699,72
a,attack,1700,62
a,attack,1701,96
a,attack,1702,102
a,attack,1703,102
a,attack,1704,194
a,attack,1705,258
a,attack,1706,320
a,attack,1707,422
a,attack,1708,256
a,attack,1709,96
a,attack,1710,200
a,attack,1711,546
a,attack,1712,240
a,attack,1713,120
a,attack,1714,198
a,attack,1715,326
a,attack,1716,100
a,attack,1717,266
a,attack,1718,166
a,attack,1719,318
a,attack,1720,326
a,attack,1721,340
a,attack,1722,232
a,attack,1723,530
a,attack,1724,456
a,attack,1725,224
a,attack,1726,390
a,attack,1727,1130
a,attack,1728,1032
a,attack,1729,1112
a,attack,1730,756
a,attack,1731,968
a,attack,1732,484
a,attack,1733,466
a,attack,1734,1034
a,attack,1735,454
a,attack,1736,416
a,attack,1737,514
a,attack,1738,1266
a,attack,1739,1002
a,attack,1740,888
a,attack,1741,1210
a,attack,1742,928
a,attack,1743,1034
a,attack,1744,1134
a,attack,1745,730
a,attack,1746,530
a,attack,1747,2040
a,attack,1748,1012
a,attack,1749,838
a,attack,1750,1910
a,attack,1751,964
a,attack,1752,1384
a,attack,1753,2228
a,attack,1754,2060
a,attack,1755,2558
a,attack,1756,1216
a,attack,1757,1000
a,attack,1758,2676
a,attack,1759,4792
a,attack,1760,2092
a,attack,1761,4136
a,attack,1762,1894
a,attack,1763,4414
a,attack,1764,2720
a,attack,1765,970
a,attack,1766,2910
a,attack,1767,1924
a,attack,1768,3816
a,attack,1769,2236
a,attack,1770,2936
a,attack,1771,2276
a,attack,1772,2370
a,attack,1773,2552
a,attack,1774,2326
a,attack,1775,2750
a,attack,1776,2460
a,attack,1777,3152
a,attack,1778,2656
a,attack,1779,5150
a,attack,1780,3964
a,attack,1781,3596
a,attack,1782,3124
a,attack,1783,3486
a,attack,1784,2758
a,attack,1785,4962
a,attack,1786,4916
a,attack,1787,5848
a,attack,1788,6744
a,attack,1789,6748
a,attack,1790,6460
a,attack,1791,4722
a,attack,1792,6580
a,attack,1793,7280
a,attack,1794,5568
a,attack,1795,8244
a,attack,1796,9522
a,attack,1797,6992
a,attack,1798,6546
a,attack,1799,7620
a,attack,1800,10725
a,attack,1801,11902
a,attack,1802,18178
a,attack,1803,16200
a,attack,1804,23048
a,attack,1805,25476
a,attack,1806,19828
a,attack,1807,16710
a,attack,1808,22657
a,attack,1809,19718
a,attack,1810,22522
a,attack,1811,26160
a,attack,1812,21292
a,attack,1813,21068
a,attack,1814,32982
a,attack,1815,31430
a,attack,1816,30860
a,attack,1817,41788
a,attack,1818,36930
a,attack,1819,23572
a,attack,1820,39438
a,attack,1821,25418
a,attack,1822,39586
a,attack,1823,37298
a,attack,1824,35992
a,attack,1825,50272
a,attack,1826,37648
a,attack,1827,55344
a,attack,1828,52074
a,attack,1829,46724
a,attack,1830,48028
a,attack,1831,47447
a,attack,1832,49610
a,attack,1833,44702
a,attack,1834,47314
a,attack,1835,60184
a,attack,1836,64884
a,attack,1837,61298
a,attack,1838,56838
a,attack,1839,68955
a,attack,1840,71442
a,attack,1841,62032
a,attack,1842,58282
a,attack,1843,69440
a,attack,1844,66629
a,attack,1845,86694
a,attack,1846,77602
a,attack,1847,83862
a,attack,1848,79870
a,attack,1849,76910
a,attack,1850,83886
a,attack,1851,82416
a,attack,1852,102448
a,attack,1853,99809
a,attack,1854,111692
a,attack,1855,110835
a,attack,1856,131402
a,attack,1857,114384
a,attack,1858,105341
a,attack,1859,105540
a,attack,1860,110131
a,attack,1861,93888
a,attack,1862,84111
a,attack,1863,76000
a,attack,1864,98136
a,attack,1865,100572
a,attack,1866,131615
a,attack,1867,101880
a,attack,1868,103302
a,attack,1869,86796
a,attack,1870,88518
a,attack,1871,88132
a,attack,1872,80494
a,attack,1873,82126
a,attack,1874,99778
a,attack,1875,103982
a,attack,1876,113065
a,attack,1877,120154
a,attack,1878,106581
a,attack,1879,112592
a,attack,1880,139896
a,attack,1881,151525
a,attack,1882,150358
a,attack,1883,150632
a,attack,1884,153724
a,attack,1885,155028
a,attack,1886,130922
a,attack,1887,132664
a,attack,1888,137308
a,attack,1889,125230
a,attack,1890,150392
a,attack,1891,131837
a,attack,1892,150392
a,attack,1893,143168
a,attack,1894,157382
a,attack,1895,168926
a,attack,1896,174730
a,attack,1897,192038
a,attack,1898,206153
a,attack,1899,218003
a,attack,1900,237414
a,attack,1901,224584
a,attack,1902,217647
a,attack,1903,208198
a,attack,1904,217352
a,attack,1905,238002
a,attack,1906,224910
a,attack,1907,228460
a,attack,1908,214104
a,attack,1909,192842
a,attack,1910,212677
a,attack,1911,207772
a,attack,1912,215376
a,attack,1913,204385
a,attack,1914,233546
a,attack,1915,222034
a,attack,1916,221011
a,attack,1917,233379
a,attack,1918,205235
a,attack,1919,294560
a,attack,1920,300735
a,attack,1921,213530
a,attack,1922,213613
a,attack,1923,205695
a,attack,1924,148015
a,attack,1925,163411
a,attack,1926,148496
a,attack,1927,174355
a,attack,1928,197261
a,attack,1929,182254
a,attack,1930,189521
a,attack,1931,201213
a,attack,1932,163244
a,attack,1933,134429
a,attack,1934,175947
a,attack,1935,187068
a,attack,1936,206377
a,attack,1937,208656
a,attack,1938,190376
a,attack,1939,200712
a,attack,1940,199569
a,attack,1941,193495
a,attack,1942,218077
a,attack,1943,206693
a,attack,1944,172246
a,attack,1945,156662
a,attack,1946,216475
a,attack,1947,254568
a,attack,1948,258449
a,attack,1949,264835
a,attack,1950,256432
a,attack,1951,264913
a,attack,1952,295275
a,attack,1953,272638
a,attack,1954,297960
a,attack,1955,267186
a,attack,1956,294138
a,attack,1957,339364
a,attack,1958,320056
a,attack,1959,352905
a,attack,1960,420517
a,attack,1961,477595
a,attack,1962,498407
a,attack,1963,504697
a,attack,1964,479726
a,attack,1965,552880
a,attack,1966,596880
a,attack,1967,611063
a,attack,1968,680821
a,attack,1969,650821
a,attack,1970,654602
a,attack,1971,627739
a,attack,1972,645989
a,attack,1973,587933
a,attack,1974,579885
a,attack,1975,579402
a,attack,1976,579740
a,attack,1977,590208
a,attack,1978,580588
a,attack,1979,674106
a,attack,1980,613027
a,attack,1981,629753
a,attack,1982,655536
a,attack,1983,661337
a,attack,1984,701902
a,attack,1985,747393
a,attack,1986,767006
a,attack,1987,771934
a,attack,1988,825676
a,attack,1989,862153
a,attack,1990,909222
a,attack,1991,889222
a,attack,1992,913710
a,attack,1993,878602
a,attack,1994,950914
a,attack,1995,956767
a,attack,1996,1017224
a,attack,1997,1057239
a,attack,1998,1116959
a,attack,1999,1242844
a,attack,2000,1356666
a,attack,2001,1450613
a,attack,2002,1720740
a,attack,2003,1870721
a,attack,2004,2056663
a,attack,2005,1981534
a,attack,2006,2127610
a,attack,2007,2266000
a,attack,2008,2727222
b,battle,1507,12
b,battle,1515,6
b,battle,1520,2
b,battle,1524,86
b,battle,1563,28
b,battle,1572,4
b,battle,1574,2
b,battle,1575,372
b,battle,1579,24
b,battle,1581,6
b,battle,1582,290
b,battle,1584,12
b,battle,1587,4
b,battle,1590,116
b,battle,1598,2
b,battle,1607,16
b,battle,1618,4
b,battle,1620,6
b,battle,1624,8
b,battle,1628,2
b,battle,1634,12
b,battle,1635,18
b,battle,1637,132
b,battle,1638,4
b,battle,1642,2
b,battle,1643,22
b,battle,1644,6
b,battle,1645,56
b,battle,1646,2
b,battle,1647,2
b,battle,1648,214
b,battle,1649,156
b,battle,1651,14
b,battle,1652,2
b,battle,1655,2
b,battle,1656,18
b,battle,1657,112
b,battle,1658,54
b,battle,1660,4
b,battle,1662,42
b,battle,1663,14
b,battle,1665,12
b,battle,1667,8
b,battle,1669,14
b,battle,1672,16
b,battle,1673,18
b,battle,1674,2
b,battle,1675,54
b,battle,1676,62
b,battle,1677,4
b,battle,1678,8
b,battle,1679,4
b,battle,1680,86
b,battle,1681,32
b,battle,1682,58
b,battle,1683,68
b,battle,1684,184
b,battle,1685,568
b,battle,1686,56
b,battle,1687,6
b,battle,1688,16
b,battle,1689,96
b,battle,1690,40
b,battle,1691,42
b,battle,1692,16
b,battle,1693,186
b,battle,1694,44
b,battle,1695,22
b,battle,1696,24
b,battle,1697,8
b,battle,1698,110
b,battle,1699,64
b,battle,1700,106
b,battle,1701,192
b,battle,1702,140
b,battle,1703,276
b,battle,1704,348
b,battle,1705,242
b,battle,1706,268
b,battle,1707,142
b,battle,1708,282
b,battle,1709,64
b,battle,1710,356
b,battle,1711,1392
b,battle,1712,254
b,battle,1713,246
b,battle,1714,454
b,battle,1715,736
b,battle,1716,74
b,battle,1717,222
b,battle,1718,98
b,battle,1719,360
b,battle,1720,382
b,battle,1721,262
b,battle,1722,592
b,battle,1723,640
b,battle,1724,704
b,battle,1725,650
b,battle,1726,802
b,battle,1727,1410
b,battle,1728,2636
b,battle,1729,2024
b,battle,1730,1596
b,battle,1731,1296
b,battle,1732,566
b,battle,1733,1040
b,battle,1734,2060
b,battle,1735,932
b,battle,1736,786
b,battle,1737,1364
b,battle,1738,1430
b,battle,1739,2480
b,battle,1740,1760
b,battle,1741,1544
b,battle,1742,2422
b,battle,1743,998
b,battle,1744,2084
b,battle,1745,2112
b,battle,1746,1302
b,battle,1747,4378
b,battle,1748,2626
b,battle,1749,1362
b,battle,1750,3814
b,battle,1751,2028
b,battle,1752,1750
b,battle,1753,4292
b,battle,1754,3908
b,battle,1755,3600
b,battle,1756,1702
b,battle,1757,1968
b,battle,1758,6040
b,battle,1759,7288
b,battle,1760,3320
b,battle,1761,7346
b,battle,1762,4420
b,battle,1763,5332
b,battle,1764,4216
b,battle,1765,2598
b,battle,1766,3122
b,battle,1767,3350
b,battle,1768,11270
b,battle,1769,3616
b,battle,1770,6470
b,battle,1771,3636
b,battle,1772,2850
b,battle,1773,5310
b,battle,1774,4316
b,battle,1775,4754
b,battle,1776,4196
b,battle,1777,4138
b,battle,1778,6544
b,battle,1779,6710
b,battle,1780,5062
b,battle,1781,5528
b,battle,1782,5202
b,battle,1783,3770
b,battle,1784,3346
b,battle,1785,5100
b,battle,1786,7056
b,battle,1787,8158
b,battle,1788,10832
b,battle,1789,13098
b,battle,1790,11696
b,battle,1791,6612
b,battle,1792,7662
b,battle,1793,7266
b,battle,1794,8490
b,battle,1795,8364
b,battle,1796,9854
b,battle,1797,9998
b,battle,1798,6611
b,battle,1799,7118
b,battle,1800,15238
b,battle,1801,17236
b,battle,1802,21776
b,battle,1803,20520
b,battle,1804,30348
b,battle,1805,32681
b,battle,1806,28099
b,battle,1807,31296
b,battle,1808,32508
b,battle,1809,28869
b,battle,1810,29382
b,battle,1811,34690
b,battle,1812,34302
b,battle,1813,30164
b,battle,1814,49358
b,battle,1815,38914
b,battle,1816,33438
b,battle,1817,42828
b,battle,1818,46151
b,battle,1819,30839
b,battle,1820,53290
b,battle,1821,39790
b,battle,1822,55616
b,battle,1823,68020
b,battle,1824,49944
b,battle,1825,71634
b,battle,1826,52508
b,battle,1827,65986
b,battle,1828,68466
b,battle,1829,71117
b,battle,1830,70388
b,battle,1831,64333
b,battle,1832,71254
b,battle,1833,58619
b,battle,1834,61632
b,battle,1835,81956
b,battle,1836,91712
b,battle,1837,65017
b,battle,1838,80880
b,battle,1839,85028
b,battle,1840,96085
b,battle,1841,79474
b,battle,1842,66385
b,battle,1843,74594
b,battle,1844,92692
b,battle,1845,109321
b,battle,1846,105513
b,battle,1847,113660
b,battle,1848,103252
b,battle,1849,112657
b,battle,1850,123453
b,battle,1851,121852
b,battle,1852,146671
b,battle,1853,142294
b,battle,1854,164144
b,battle,1855,158106
b,battle,1856,166250
b,battle,1857,133536
b,battle,1858,118624
b,battle,1859,134466
b,battle,1860,139678
b,battle,1861,135172
b,battle,1862,123456
b,battle,1863,117211
b,battle,1864,162016
b,battle,1865,159986
b,battle,1866,206197
b,battle,1867,160926
b,battle,1868,154430
b,battle,1869,135227
b,battle,1870,133002
b,battle,1871,136201
b,battle,1872,119642
b,battle,1873,125760
b,battle,1874,135168
b,battle,1875,150469
b,battle,1876,156736
b,battle,1877,167363
b,battle,1878,145208
b,battle,1879,149934
b,battle,1880,194192
b,battle,1881,219236
b,battle,1882,210389
b,battle,1883,202432
b,battle,1884,197233
b,battle,1885,214375
b,battle,1886,168976
b,battle,1887,178289
b,battle,1888,197038
b,battle,1889,185793
b,battle,1890,208451
b,battle,1891,198442
b,battle,1892,214408
b,battle,1893,206166
b,battle,1894,212462
b,battle,1895,230978
b,battle,1896,238030
b,battle,1897,264248
b,battle,1898,276495
b,battle,1899,348278
b,battle,1900,323819
b,battle,1901,300484
b,battle,1902,300877
b,battle,1903,274203
b,battle,1904,305994
b,battle,1905,300282
b,battle,1906,307953
b,battle,1907,293198
b,battle,1908,269103
b,battle,1909,241068
b,battle,1910,258021
b,battle,1911,245540
b,battle,1912,271082
b,battle,1913,272573
b,battle,1914,249088
b,battle,1915,248498
b,battle,1916,231175
b,battle,1917,233547
b,battle,1918,216632
b,battle,1919,311499
b,battle,1920,292661
b,battle,1921,217058
b,battle,1922,213182
b,battle,1923,214855
b,battle,1924,158334
b,battle,1925,171457
b,battle,1926,157974
b,battle,1927,190568
b,battle,1928,191359
b,battle,1929,182860
b,battle,1930,196298
b,battle,1931,192802
b,battle,1932,168600
b,battle,1933,126238
b,battle,1934,177357
b,battle,1935,174338
b,battle,1936,187476
b,battle,1937,188480
b,battle,1938,162106
b,battle,1939,173084
b,battle,1940,166589
b,battle,1941,163802
b,battle,1942,180548
b,battle,1943,188712
b,battle,1944,156442
b,battle,1945,144248
b,battle,1946,181600
b,battle,1947,202240
b,battle,1948,198964
b,battle,1949,209573
b,battle,1950,204708
b,battle,1951,203642
b,battle,1952,239150
b,battle,1953,191470
b,battle,1954,227550
b,battle,1955,213247
b,battle,1956,245820
b,battle,1957,261002
b,battle,1958,259176
b,battle,1959,289483
b,battle,1960,320220
b,battle,1961,364602
b,battle,1962,389464
b,battle,1963,394704
b,battle,1964,401802
b,battle,1965,444077
b,battle,1966,492748
b,battle,1967,506063
b,battle,1968,551504
b,battle,1969,534288
b,battle,1970,577276
b,battle,1971,512624
b,battle,1972,507633
b,battle,1973,463806
b,battle,1974,476918
b,battle,1975,475566
b,battle,1976,478357
b,battle,1977,474502
b,battle,1978,476374
b,battle,1979,469953
b,battle,1980,489962
b,battle,1981,488331
b,battle,1982,500233
b,battle,1983,519016
b,battle,1984,542310
b,battle,1985,584198
b,battle,1986,568525
b,battle,1987,639447
b,battle,1988,650149
b,battle,1989,703728
b,battle,1990,743182
b,battle,1991,743647
b,battle,1992,793034
b,battle,1993,775334
b,battle,1994,851948
b,battle,1995,864122
b,battle,1996,940027
b,battle,1997,958794
b,battle,1998,1059766
b,battle,1999,1129789
b,battle,2000,1295442
b,battle,2001,1296827
b,battle,2002,1484585
b,battle,2003,1589295
b,battle,2004,1849646
b,battle,2005,1723037
b,battle,2006,1969810
b,battle,2007,2064740
b,battle,2008,2850492
c,conflict,1505,2
c,conflict,1515,112
c,conflict,1520,4
c,conflict,1524,14
c,conflict,1563,8
c,conflict,1572,2
c,conflict,1574,2
c,conflict,1575,24
c,conflict,1579,2
c,conflict,1581,8
c,conflict,1582,16
c,conflict,1587,12
c,conflict,1588,2
c,conflict,1590,32
c,conflict,1592,2
c,conflict,1594,2
c,conflict,1597,2
c,conflict,1598,6
c,conflict,1600,2
c,conflict,1607,24
c,conflict,1619,2
c,conflict,1620,22
c,conflict,1624,4
c,conflict,1626,8
c,conflict,1630,4
c,conflict,1632,4
c,conflict,1635,4
c,conflict,1637,46
c,conflict,1638,10
c,conflict,1642,2
c,conflict,1643,40
c,conflict,1644,68
c,conflict,1645,12
c,conflict,1647,8
c,conflict,1648,122
c,conflict,1649,10
c,conflict,1650,2
c,conflict,1653,4
c,conflict,1655,20
c,conflict,1656,4
c,conflict,1657,10
c,conflict,1658,6
c,conflict,1660,2
c,conflict,1661,2
c,conflict,1663,10
c,conflict,1666,2
c,conflict,1667,10
c,conflict,1668,48
c,conflict,1670,6
c,conflict,1672,2
c,conflict,1673,4
c,conflict,1674,4
c,conflict,1675,26
c,conflict,1676,34
c,conflict,1677,2
c,conflict,1678,48
c,conflict,1679,4
c,conflict,1680,18
c,conflict,1681,14
c,conflict,1682,2
c,conflict,1683,28
c,conflict,1684,8
c,conflict,1685,36
c,conflict,1686,8
c,conflict,1687,6
c,conflict,1688,20
c,conflict,1689,4
c,conflict,1690,4
c,conflict,1691,6
c,conflict,1692,6
c,conflict,1693,86
c,conflict,1694,12
c,conflict,1695,2
c,conflict,1696,20
c,conflict,1697,2
c,conflict,1698,10
c,conflict,1699,38
c,conflict,1700,22
c,conflict,1701,22
c,conflict,1702,54
c,conflict,1703,74
c,conflict,1704,52
c,conflict,1705,34
c,conflict,1706,52
c,conflict,1707,68
c,conflict,1708,72
c,conflict,1709,16
c,conflict,1710,30
c,conflict,1711,60
c,conflict,1712,64
c,conflict,1713,68
c,conflict,1714,90
c,conflict,1715,64
c,conflict,1716,68
c,conflict,1717,118
c,conflict,1718,24
c,conflict,1719,38
c,conflict,1720,190
c,conflict,1721,60
c,conflict,1722,112
c,conflict,1723,88
c,conflict,1724,72
c,conflict,1725,214
c,conflict,1726,74
c,conflict,1727,64
c,conflict,1728,76
c,conflict,1729,156
c,conflict,1730,144
c,conflict,1731,184
c,conflict,1732,106
c,conflict,1733,50
c,conflict,1734,88
c,conflict,1735,114
c,conflict,1736,116
c,conflict,1737,52
c,conflict,1738,296
c,conflict,1739,62
c,conflict,1740,104
c,conflict,1741,52
c,conflict,1742,140
c,conflict,1743,92
c,conflict,1744,130
c,conflict,1745,106
c,conflict,1746,76
c,conflict,1747,142
c,conflict,1748,194
c,conflict,1749,124
c,conflict,1750,218
c,conflict,1751,126
c,conflict,1752,162
c,conflict,1753,272
c,conflict,1754,174
c,conflict,1755,164
c,conflict,1756,56
c,conflict,1757,110
c,conflict,1758,112
c,conflict,1759,204
c,conflict,1760,116
c,conflict,1761,316
c,conflict,1762,154
c,conflict,1763,186
c,conflict,1764,222
c,conflict,1765,126
c,conflict,1766,238
c,conflict,1767,146
c,conflict,1768,260
c,conflict,1769,166
c,conflict,1770,330
c,conflict,1771,152
c,conflict,1772,224
c,conflict,1773,178
c,conflict,1774,296
c,conflict,1775,336
c,conflict,1776,380
c,conflict,1777,322
c,conflict,1778,234
c,conflict,1779,470
c,conflict,1780,368
c,conflict,1781,482
c,conflict,1782,292
c,conflict,1783,348
c,conflict,1784,422
c,conflict,1785,370
c,conflict,1786,564
c,conflict,1787,848
c,conflict,1788,1032
c,conflict,1789,932
c,conflict,1790,934
c,conflict,1791,740
c,conflict,1792,1278
c,conflict,1793,782
c,conflict,1794,728
c,conflict,1795,894
c,conflict,1796,1124
c,conflict,1797,904
c,conflict,1798,736
c,conflict,1799,1202
c,conflict,1800,1688
c,conflict,1801,2290
c,conflict,1802,2590
c,conflict,1803,2168
c,conflict,1804,3392
c,conflict,1805,3874
c,conflict,1806,3230
c,conflict,1807,3880
c,conflict,1808,2812
c,conflict,1809,3482
c,conflict,1810,3436
c,conflict,1811,4556
c,conflict,1812,3594
c,conflict,1813,3442
c,conflict,1814,4466
c,conflict,1815,5454
c,conflict,1816,5324
c,conflict,1817,5926
c,conflict,1818,6060
c,conflict,1819,4936
c,conflict,1820,8101
c,conflict,1821,6382
c,conflict,1822,7652
c,conflict,1823,7720
c,conflict,1824,7234
c,conflict,1825,9464
c,conflict,1826,7348
c,conflict,1827,9470
c,conflict,1828,10342
c,conflict,1829,9236
c,conflict,1830,11802
c,conflict,1831,10248
c,conflict,1832,11622
c,conflict,1833,11554
c,conflict,1834,10556
c,conflict,1835,13442
c,conflict,1836,14396
c,conflict,1837,11214
c,conflict,1838,13430
c,conflict,1839,14606
c,conflict,1840,17902
c,conflict,1841,16950
c,conflict,1842,14550
c,conflict,1843,17470
c,conflict,1844,18160
c,conflict,1845,19892
c,conflict,1846,21400
c,conflict,1847,21392
c,conflict,1848,23734
c,conflict,1849,26156
c,conflict,1850,24924
c,conflict,1851,26036
c,conflict,1852,30616
c,conflict,1853,31636
c,conflict,1854,35802
c,conflict,1855,35106
c,conflict,1856,40262
c,conflict,1857,29206
c,conflict,1858,31322
c,conflict,1859,31298
c,conflict,1860,37868
c,conflict,1861,27372
c,conflict,1862,21798
c,conflict,1863,27470
c,conflict,1864,33383
c,conflict,1865,32934
c,conflict,1866,42938
c,conflict,1867,33524
c,conflict,1868,34688
c,conflict,1869,30636
c,conflict,1870,33726
c,conflict,1871,31544
c,conflict,1872,29880
c,conflict,1873,33220
c,conflict,1874,38988
c,conflict,1875,40130
c,conflict,1876,40186
c,conflict,1877,45526
c,conflict,1878,36860
c,conflict,1879,38078
c,conflict,1880,46104
c,conflict,1881,48876
c,conflict,1882,49642
c,conflict,1883,56026
c,conflict,1884,57432
c,conflict,1885,55768
c,conflict,1886,49830
c,conflict,1887,54182
c,conflict,1888,52822
c,conflict,1889,49148
c,conflict,1890,51806
c,conflict,1891,53570
c,conflict,1892,58310
c,conflict,1893,60250
c,conflict,1894,56030
c,conflict,1895,60936
c,conflict,1896,64454
c,conflict,1897,65638
c,conflict,1898,72131
c,conflict,1899,82438
c,conflict,1900,85952
c,conflict,1901,76920
c,conflict,1902,82082
c,conflict,1903,77284
c,conflict,1904,82342
c,conflict,1905,86362
c,conflict,1906,80068
c,conflict,1907,87560
c,conflict,1908,85984
c,conflict,1909,77820
c,conflict,1910,84568
c,conflict,1911,79918
c,conflict,1912,88900
c,conflict,1913,84326
c,conflict,1914,93888
c,conflict,1915,104074
c,conflict,1916,97206
c,conflict,1917,91714
c,conflict,1918,90484
c,conflict,1919,96438
c,conflict,1920,113451
c,conflict,1921,97938
c,conflict,1922,115334
c,conflict,1923,83596
c,conflict,1924,83966
c,conflict,1925,79333
c,conflict,1926,78213
c,conflict,1927,93813
c,conflict,1928,97206
c,conflict,1929,92450
c,conflict,1930,97924
c,conflict,1931,100096
c,conflict,1932,97925
c,conflict,1933,76985
c,conflict,1934,96858
c,conflict,1935,110192
c,conflict,1936,116194
c,conflict,1937,116127
c,conflict,1938,126468
c,conflict,1939,135392
c,conflict,1940,119647
c,conflict,1941,108983
c,conflict,1942,110654
c,conflict,1943,91594
c,conflict,1944,80316
c,conflict,1945,96436
c,conflict,1946,121990
c,conflict,1947,141569
c,conflict,1948,153086
c,conflict,1949,178598
c,conflict,1950,193987
c,conflict,1951,177379
c,conflict,1952,166504
c,conflict,1953,170527
c,conflict,1954,176695
c,conflict,1955,181922
c,conflict,1956,212506
c,conflict,1957,216681
c,conflict,1958,231513
c,conflict,1959,229109
c,conflict,1960,289458
c,conflict,1961,298742
c,conflict,1962,345850
c,conflict,1963,372181
c,conflict,1964,408345
c,conflict,1965,429910
c,conflict,1966,472000
c,conflict,1967,508358
c,conflict,1968,572190
c,conflict,1969,572372
c,conflict,1970,617888
c,conflict,1971,660663
c,conflict,1972,656604
c,conflict,1973,684434
c,conflict,1974,661963
c,conflict,1975,650424
c,conflict,1976,670587
c,conflict,1977,691164
c,conflict,1978,711856
c,conflict,1979,748882
c,conflict,1980,745398
c,conflict,1981,759307
c,conflict,1982,807793
c,conflict,1983,788239
c,conflict,1984,833920
c,conflict,1985,851287
c,conflict,1986,920139
c,conflict,1987,924413
c,conflict,1988,978733
c,conflict,1989,1033543
c,conflict,1990,1093958
c,conflict,1991,1111899
c,conflict,1992,1187368
c,conflict,1993,1196660
c,conflict,1994,1318352
c,conflict,1995,1383810
c,conflict,1996,1470616
c,conflict,1997,1475899
c,conflict,1998,1573282
c,conflict,1999,1667244
c,conflict,2000,1856845
c,conflict,2001,1889310
c,conflict,2002,2093010
c,conflict,2003,2144148
c,conflict,2004,2306514
c,conflict,2005,2304495
c,conflict,2006,2403092
c,conflict,2007,2483088
c,conflict,2008,2549881
c,conquer,1524,10
c,conquer,1579,12
c,conquer,1581,6
c,conquer,1582,28
c,conquer,1587,4
c,conquer,1590,60
c,conquer,1592,2
c,conquer,1593,4
c,conquer,1595,4
c,conquer,1598,4
c,conquer,1606,12
c,conquer,1607,6
c,conquer,1612,10
c,conquer,1620,22
c,conquer,1624,4
c,conquer,1629,2
c,conquer,1631,10
c,conquer,1634,6
c,conquer,1635,6
c,conquer,1637,10
c,conquer,1638,22
c,conquer,1640,4
c,conquer,1642,4
c,conquer,1643,4
c,conquer,1644,8
c,conquer,1645,2
c,conquer,1647,14
c,conquer,1648,38
c,conquer,1649,18
c,conquer,1650,4
c,conquer,1651,8
c,conquer,1653,2
c,conquer,1655,12
c,conquer,1656,8
c,conquer,1657,26
c,conquer,1658,14
c,conquer,1659,4
c,conquer,1660,2
c,conquer,1661,10
c,conquer,1662,4
c,conquer,1664,4
c,conquer,1667,42
c,conquer,1668,10
c,conquer,1669,8
c,conquer,1670,14
c,conquer,1671,6
c,conquer,1672,8
c,conquer,1673,28
c,conquer,1674,2
c,conquer,1675,72
c,conquer,1676,36
c,conquer,1677,12
c,conquer,1678,36
c,conquer,1679,24
c,conquer,1680,36
c,conquer,1681,42
c,conquer,1682,34
c,conquer,1683,82
c,conquer,1684,82
c,conquer,1685,76
c,conquer,1686,60
c,conquer,1687,2
c,conquer,1688,102
c,conquer,1689,20
c,conquer,1690,26
c,conquer,1691,6
c,conquer,1692,28
c,conquer,1693,56
c,conquer,1694,40
c,conquer,1695,24
c,conquer,1696,24
c,conquer,1697,14
c,conquer,1698,42
c,conquer,1699,94
c,conquer,1700,116
c,conquer,1701,102
c,conquer,1702,122
c,conquer,1703,129
c,conquer,1704,272
c,conquer,1705,118
c,conquer,1706,264
c,conquer,1707,226
c,conquer,1708,190
c,conquer,1709,80
c,conquer,1710,178
c,conquer,1711,348
c,conquer,1712,150
c,conquer,1713,154
c,conquer,1714,188
c,conquer,1715,210
c,conquer,1716,136
c,conquer,1717,268
c,conquer,1718,80
c,conquer,1719,100
c,conquer,1720,338
c,conquer,1721,146
c,conquer,1722,334
c,conquer,1723,178
c,conquer,1724,294
c,conquer,1725,164
c,conquer,1726,140
c,conquer,1727,372
c,conquer,1728,380
c,conquer,1729,650
c,conquer,1730,290
c,conquer,1731,484
c,conquer,1732,342
c,conquer,1733,170
c,conquer,1734,232
c,conquer,1735,276
c,conquer,1736,220
c,conquer,1737,398
c,conquer,1738,322
c,conquer,1739,250
c,conquer,1740,320
c,conquer,1741,276
c,conquer,1742,384
c,conquer,1743,226
c,conquer,1744,408
c,conquer,1745,164
c,conquer,1746,142
c,conquer,1747,560
c,conquer,1748,364
c,conquer,1749,319
c,conquer,1750,506
c,conquer,1751,410
c,conquer,1752,512
c,conquer,1753,514
c,conquer,1754,578
c,conquer,1755,499
c,conquer,1756,212
c,conquer,1757,361
c,conquer,1758,490
c,conquer,1759,646
c,conquer,1760,626
c,conquer,1761,678
c,conquer,1762,348
c,conquer,1763,662
c,conquer,1764,342
c,conquer,1765,278
c,conquer,1766,562
c,conquer,1767,510
c,conquer,1768,832
c,conquer,1769,398
c,conquer,1770,640
c,conquer,1771,430
c,conquer,1772,456
c,conquer,1773,480
c,conquer,1774,646
c,conquer,1775,460
c,conquer,1776,632
c,conquer,1777,718
c,conquer,1778,500
c,conquer,1779,518
c,conquer,1780,590
c,conquer,1781,510
c,conquer,1782,486
c,conquer,1783,508
c,conquer,1784,496
c,conquer,1785,558
c,conquer,1786,852
c,conquer,1787,1372
c,conquer,1788,964
c,conquer,1789,958
c,conquer,1790,1184
c,conquer,1791,944
c,conquer,1792,1162
c,conquer,1793,874
c,conquer,1794,1006
c,conquer,1795,1362
c,conquer,1796,1224
c,conquer,1797,1038
c,conquer,1798,976
c,conquer,1799,1030
c,conquer,1800,1710
c,conquer,1801,2452
c,conquer,1802,2198
c,conquer,1803,2466
c,conquer,1804,2582
c,conquer,1805,2900
c,conquer,1806,3380
c,conquer,1807,3104
c,conquer,1808,4056
c,conquer,1809,3686
c,conquer,1810,3852
c,conquer,1811,4300
c,conquer,1812,3650
c,conquer,1813,3032
c,conquer,1814,3972
c,conquer,1815,3216
c,conquer,1816,3524
c,conquer,1817,3524
c,conquer,1818,4108
c,conquer,1819,3274
c,conquer,1820,5282
c,conquer,1821,3610
c,conquer,1822,4986
c,conquer,1823,5922
c,conquer,1824,5830
c,conquer,1825,7960
c,conquer,1826,5288
c,conquer,1827,4790
c,conquer,1828,5190
c,conquer,1829,5250
c,conquer,1830,7968
c,conquer,1831,5346
c,conquer,1832,5212
c,conquer,1833,4764
c,conquer,1834,4886
c,conquer,1835,6749
c,conquer,1836,6126
c,conquer,1837,6390
c,conquer,1838,6320
c,conquer,1839,6988
c,conquer,1840,7666
c,conquer,1841,6828
c,conquer,1842,5262
c,conquer,1843,6336
c,conquer,1844,7768
c,conquer,1845,7958
c,conquer,1846,8020
c,conquer,1847,8710
c,conquer,1848,8558
c,conquer,1849,8340
c,conquer,1850,9710
c,conquer,1851,9691
c,conquer,1852,10516
c,conquer,1853,11750
c,conquer,1854,13702
c,conquer,1855,11450
c,conquer,1856,12944
c,conquer,1857,10422
c,conquer,1858,9944
c,conquer,1859,10084
c,conquer,1860,10978
c,conquer,1861,8682
c,conquer,1862,7406
c,conquer,1863,7870
c,conquer,1864,9770
c,conquer,1865,8820
c,conquer,1866,9740
c,conquer,1867,9770
c,conquer,1868,10002
c,conquer,1869,10478
c,conquer,1870,9425
c,conquer,1871,10620
c,conquer,1872,9103
c,conquer,1873,9956
c,conquer,1874,10668
c,conquer,1875,11956
c,conquer,1876,11758
c,conquer,1877,12376
c,conquer,1878,10606
c,conquer,1879,11502
c,conquer,1880,14916
c,conquer,1881,14804
c,conquer,1882,13928
c,conquer,1883,17086
c,conquer,1884,15790
c,conquer,1885,15436
c,conquer,1886,12902
c,conquer,1887,13545
c,conquer,1888,13394
c,conquer,1889,14338
c,conquer,1890,13580
c,conquer,1891,15596
c,conquer,1892,16514
c,conquer,1893,15121
c,conquer,1894,16004
c,conquer,1895,15402
c,conquer,1896,18241
c,conquer,1897,18712
c,conquer,1898,19763
c,conquer,1899,24264
c,conquer,1900,25053
c,conquer,1901,24328
c,conquer,1902,23672
c,conquer,1903,20614
c,conquer,1904,23946
c,conquer,1905,22520
c,conquer,1906,22970
c,conquer,1907,21454
c,conquer,1908,22514
c,conquer,1909,18908
c,conquer,1910,21820
c,conquer,1911,19345
c,conquer,1912,19814
c,conquer,1913,20972
c,conquer,1914,20237
c,conquer,1915,19678
c,conquer,1916,18772
c,conquer,1917,19448
c,conquer,1918,18336
c,conquer,1919,18794
c,conquer,1920,20142
c,conquer,1921,17620
c,conquer,1922,18434
c,conquer,1923,16419
c,conquer,1924,16288
c,conquer,1925,15279
c,conquer,1926,14904
c,conquer,1927,17986
c,conquer,1928,18796
c,conquer,1929,17758
c,conquer,1930,18812
c,conquer,1931,18072
c,conquer,1932,15818
c,conquer,1933,12466
c,conquer,1934,15796
c,conquer,1935,17422
c,conquer,1936,15990
c,conquer,1937,17107
c,conquer,1938,17021
c,conquer,1939,18186
c,conquer,1940,17337
c,conquer,1941,16483
c,conquer,1942,17054
c,conquer,1943,15338
c,conquer,1944,13880
c,conquer,1945,14146
c,conquer,1946,16858
c,conquer,1947,16927
c,conquer,1948,18912
c,conquer,1949,19438
c,conquer,1950,19204
c,conquer,1951,18826
c,conquer,1952,19376
c,conquer,1953,18955
c,conquer,1954,19088
c,conquer,1955,19374
c,conquer,1956,20653
c,conquer,1957,21698
c,conquer,1958,21987
c,conquer,1959,23030
c,conquer,1960,26985
c,conquer,1961,29815
c,conquer,1962,33210
c,conquer,1963,34353
c,conquer,1964,35343
c,conquer,1965,36376
c,conquer,1966,40155
c,conquer,1967,41122
c,conquer,1968,44828
c,conquer,1969,43738
c,conquer,1970,45247
c,conquer,1971,41315
c,conquer,1972,41303
c,conquer,1973,38754
c,conquer,1974,36812
c,conquer,1975,36180
c,conquer,1976,35346
c,conquer,1977,37627
c,conquer,1978,35616
c,conquer,1979,35481
c,conquer,1980,35812
c,conquer,1981,34612
c,conquer,1982,35021
c,conquer,1983,38296
c,conquer,1984,39012
c,conquer,1985,40232
c,conquer,1986,44166
c,conquer,1987,45947
c,conquer,1988,47036
c,conquer,1989,48117
c,conquer,1990,51620
c,conquer,1991,52428
c,conquer,1992,58733
c,conquer,1993,57855
c,conquer,1994,60568
c,conquer,1995,64050
c,conquer,1996,69785
c,conquer,1997,70441
c,conquer,1998,74262
c,conquer,1999,79270
c,conquer,2000,91610
c,conquer,2001,91233
c,conquer,2002,102254
c,conquer,2003,118148
c,conquer,2004,140404
c,conquer,2005,129609
c,conquer,2006,143592
c,conquer,2007,164643
c,conquer,2008,247092
c,cooperation,1515,304
c,cooperation,1575,2
c,cooperation,1582,2
c,cooperation,1600,2
c,cooperation,1607,12
c,cooperation,1620,2
c,cooperation,1637,2
c,cooperation,1643,2
c,cooperation,1644,2
c,cooperation,1657,2
c,cooperation,1658,8
c,cooperation,1665,2
c,cooperation,1668,2
c,cooperation,1673,4
c,cooperation,1677,8
c,cooperation,1680,14
c,cooperation,1681,2
c,cooperation,1683,4
c,cooperation,1687,2
c,cooperation,1688,38
c,cooperation,1691,4
c,cooperation,1692,2
c,cooperation,1695,6
c,cooperation,1696,2
c,cooperation,1698,2
c,cooperation,1700,4
c,cooperation,1702,4
c,cooperation,1703,2
c,cooperation,1707,2
c,cooperation,1708,6
c,cooperation,1712,18
c,cooperation,1713,6
c,cooperation,1715,16
c,cooperation,1717,6
c,cooperation,1719,8
c,cooperation,1721,2
c,cooperation,1722,2
c,cooperation,1723,2
c,cooperation,1724,2
c,cooperation,1726,2
c,cooperation,1727,2
c,cooperation,1729,8
c,cooperation,1730,4
c,cooperation,1731,2
c,cooperation,1732,2
c,cooperation,1734,2
c,cooperation,1736,2
c,cooperation,1737,10
c,cooperation,1738,2
c,cooperation,1739,4
c,cooperation,1740,6
c,cooperation,1741,6
c,cooperation,1742,2
c,cooperation,1743,6
c,cooperation,1745,4
c,cooperation,1746,32
c,cooperation,1747,6
c,cooperation,1748,30
c,cooperation,1749,40
c,cooperation,1750,8
c,cooperation,1751,8
c,cooperation,1752,6
c,cooperation,1755,10
c,cooperation,1756,2
c,cooperation,1757,6
c,cooperation,1758,10
c,cooperation,1759,12
c,cooperation,1762,6
c,cooperation,1763,6
c,cooperation,1764,4
c,cooperation,1765,2
c,cooperation,1766,2
c,cooperation,1767,6
c,cooperation,1768,8
c,cooperation,1769,4
c,cooperation,1770,4
c,cooperation,1771,4
c,cooperation,1773,6
c,cooperation,1774,4
c,cooperation,1775,2
c,cooperation,1776,104
c,cooperation,1777,28
c,cooperation,1778,16
c,cooperation,1779,8
c,cooperation,1780,4
c,cooperation,1781,16
c,cooperation,1782,4
c,cooperation,1783,26
c,cooperation,1785,14
c,cooperation,1786,12
c,cooperation,1787,22
c,cooperation,1788,22
c,cooperation,1789,12
c,cooperation,1790,10
c,cooperation,1791,14
c,cooperation,1792,48
c,cooperation,1793,98
c,cooperation,1794,16
c,cooperation,1795,56
c,cooperation,1796,42
c,cooperation,1797,10
c,cooperation,1798,134
c,cooperation,1799,58
c,cooperation,1800,146
c,cooperation,1801,122
c,cooperation,1802,126
c,cooperation,1803,106
c,cooperation,1804,118
c,cooperation,1805,218
c,cooperation,1806,180
c,cooperation,1807,308
c,cooperation,1808,224
c,cooperation,1809,276
c,cooperation,1810,396
c,cooperation,1811,758
c,cooperation,1812,234
c,cooperation,1813,214
c,cooperation,1814,396
c,cooperation,1815,286
c,cooperation,1816,356
c,cooperation,1817,418
c,cooperation,1818,426
c,cooperation,1819,360
c,cooperation,1820,596
c,cooperation,1821,290
c,cooperation,1822,798
c,cooperation,1823,980
c,cooperation,1824,676
c,cooperation,1825,522
c,cooperation,1826,670
c,cooperation,1827,496
c,cooperation,1828,952
c,cooperation,1829,724
c,cooperation,1830,778
c,cooperation,1831,724
c,cooperation,1832,694
c,cooperation,1833,1116
c,cooperation,1834,1028
c,cooperation,1835,1550
c,cooperation,1836,1800
c,cooperation,1837,1502
c,cooperation,1838,1568
c,cooperation,1839,2122
c,cooperation,1840,1820
c,cooperation,1841,1476
c,cooperation,1842,1334
c,cooperation,1843,2164
c,cooperation,1844,2160
c,cooperation,1845,2036
c,cooperation,1846,2598
c,cooperation,1847,2640
c,cooperation,1848,2950
c,cooperation,1849,2426
c,cooperation,1850,2374
c,cooperation,1851,2836
c,cooperation,1852,2680
c,cooperation,1853,3296
c,cooperation,1854,4678
c,cooperation,1855,3548
c,cooperation,1856,4574
c,cooperation,1857,3726
c,cooperation,1858,3640
c,cooperation,1859,3504
c,cooperation,1860,2676
c,cooperation,1861,1948
c,cooperation,1862,1834
c,cooperation,1863,2500
c,cooperation,1864,3958
c,cooperation,1865,3992
c,cooperation,1866,4724
c,cooperation,1867,3380
c,cooperation,1868,3540
c,cooperation,1869,3734
c,cooperation,1870,3460
c,cooperation,1871,3294
c,cooperation,1872,3178
c,cooperation,1873,2684
c,cooperation,1874,3792
c,cooperation,1875,3632
c,cooperation,1876,3922
c,cooperation,1877,3352
c,cooperation,1878,3444
c,cooperation,1879,3130
c,cooperation,1880,3662
c,cooperation,1881,3670
c,cooperation,1882,4280
c,cooperation,1883,5674
c,cooperation,1884,5146
c,cooperation,1885,5422
c,cooperation,1886,5612
c,cooperation,1887,4846
c,cooperation,1888,7271
c,cooperation,1889,4824
c,cooperation,1890,6258
c,cooperation,1891,5706
c,cooperation,1892,5638
c,cooperation,1893,8700
c,cooperation,1894,5590
c,cooperation,1895,7288
c,cooperation,1896,10688
c,cooperation,1897,10286
c,cooperation,1898,12612
c,cooperation,1899,15312
c,cooperation,1900,14581
c,cooperation,1901,13868
c,cooperation,1902,12646
c,cooperation,1903,15432
c,cooperation,1904,19968
c,cooperation,1905,18538
c,cooperation,1906,16541
c,cooperation,1907,16864
c,cooperation,1908,21592
c,cooperation,1909,22686
c,cooperation,1910,25576
c,cooperation,1911,27792
c,cooperation,1912,35287
c,cooperation,1913,38230
c,cooperation,1914,39576
c,cooperation,1915,44542
c,cooperation,1916,43296
c,cooperation,1917,48017
c,cooperation,1918,52157
c,cooperation,1919,66198
c,cooperation,1920,72070
c,cooperation,1921,69246
c,cooperation,1922,88381
c,cooperation,1923,56156
c,cooperation,1924,49432
c,cooperation,1925,49445
c,cooperation,1926,57463
c,cooperation,1927,64831
c,cooperation,1928,64742
c,cooperation,1929,68133
c,cooperation,1930,71575
c,cooperation,1931,74444
c,cooperation,1932,64900
c,cooperation,1933,53794
c,cooperation,1934,63270
c,cooperation,1935,61321
c,cooperation,1936,70372
c,cooperation,1937,71884
c,cooperation,1938,94984
c,cooperation,1939,75620
c,cooperation,1940,78322
c,cooperation,1941,79833
c,cooperation,1942,72222
c,cooperation,1943,55666
c,cooperation,1944,53318
c,cooperation,1945,63758
c,cooperation,1946,66674
c,cooperation,1947,77343
c,cooperation,1948,90306
c,cooperation,1949,104716
c,cooperation,1950,102941
c,cooperation,1951,98216
c,cooperation,1952,97631
c,cooperation,1953,101054
c,cooperation,1954,102036
c,cooperation,1955,104456
c,cooperation,1956,114028
c,cooperation,1957,114355
c,cooperation,1958,116804
c,cooperation,1959,120218
c,cooperation,1960,135260
c,cooperation,1961,143018
c,cooperation,1962,165192
c,cooperation,1963,183250
c,cooperation,1964,191954
c,cooperation,1965,233268
c,cooperation,1966,246228
c,cooperation,1967,257615
c,cooperation,1968,272652
c,cooperation,1969,295756
c,cooperation,1970,294108
c,cooperation,1971,299550
c,cooperation,1972,334469
c,cooperation,1973,323050
c,cooperation,1974,353436
c,cooperation,1975,330419
c,cooperation,1976,370825
c,cooperation,1977,389553
c,cooperation,1978,388548
c,cooperation,1979,424376
c,cooperation,1980,395430
c,cooperation,1981,416591
c,cooperation,1982,408732
c,cooperation,1983,409857
c,cooperation,1984,442124
c,cooperation,1985,459702
c,cooperation,1986,495278
c,cooperation,1987,511860
c,cooperation,1988,536036
c,cooperation,1989,569287
c,cooperation,1990,591263
c,cooperation,1991,583785
c,cooperation,1992,618097
c,cooperation,1993,631376
c,cooperation,1994,651657
c,cooperation,1995,683251
c,cooperation,1996,700452
c,cooperation,1997,709845
c,cooperation,1998,721136
c,cooperation,1999,759889
c,cooperation,2000,803049
c,cooperation,2001,805352
c,cooperation,2002,897008
c,cooperation,2003,942569
c,cooperation,2004,927248
c,cooperation,2005,1027760
c,cooperation,2006,1015079
c,cooperation,2007,1069227
c,cooperation,2008,1025222
c,cultivate,1524,4
c,cultivate,1563,4
c,cultivate,1572,2
c,cultivate,1575,4
c,cultivate,1584,2
c,cultivate,1590,16
c,cultivate,1607,8
c,cultivate,1635,14
c,cultivate,1647,10
c,cultivate,1648,10
c,cultivate,1656,10
c,cultivate,1657,4
c,cultivate,1658,4
c,cultivate,1664,4
c,cultivate,1667,2
c,cultivate,1670,2
c,cultivate,1673,2
c,cultivate,1675,24
c,cultivate,1676,4
c,cultivate,1677,6
c,cultivate,1678,16
c,cultivate,1679,2
c,cultivate,1680,2
c,cultivate,1681,4
c,cultivate,1683,14
c,cultivate,1684,16
c,cultivate,1685,14
c,cultivate,1686,6
c,cultivate,1688,52
c,cultivate,1689,6
c,cultivate,1692,6
c,cultivate,1693,8
c,cultivate,1694,28
c,cultivate,1695,10
c,cultivate,1696,8
c,cultivate,1697,8
c,cultivate,1698,40
c,cultivate,1699,4
c,cultivate,1700,30
c,cultivate,1701,40
c,cultivate,1702,28
c,cultivate,1703,22
c,cultivate,1704,40
c,cultivate,1705,56
c,cultivate,1706,46
c,cultivate,1707,26
c,cultivate,1708,52
c,cultivate,1709,44
c,cultivate,1710,60
c,cultivate,1711,112
c,cultivate,1712,90
c,cultivate,1713,50
c,cultivate,1714,74
c,cultivate,1715,62
c,cultivate,1716,48
c,cultivate,1717,88
c,cultivate,1718,32
c,cultivate,1719,50
c,cultivate,1720,60
c,cultivate,1721,86
c,cultivate,1722,66
c,cultivate,1723,64
c,cultivate,1724,96
c,cultivate,1725,72
c,cultivate,1726,298
c,cultivate,1727,206
c,cultivate,1728,120
c,cultivate,1729,178
c,cultivate,1730,172
c,cultivate,1731,214
c,cultivate,1732,170
c,cultivate,1733,132
c,cultivate,1734,104
c,cultivate,1735,140
c,cultivate,1736,184
c,cultivate,1737,188
c,cultivate,1738,136
c,cultivate,1739,292
c,cultivate,1740,158
c,cultivate,1741,238
c,cultivate,1742,162
c,cultivate,1743,298
c,cultivate,1744,232
c,cultivate,1745,278
c,cultivate,1746,230
c,cultivate,1747,446
c,cultivate,1748,218
c,cultivate,1749,190
c,cultivate,1750,340
c,cultivate,1751,432
c,cultivate,1752,436
c,cultivate,1753,374
c,cultivate,1754,590
c,cultivate,1755,712
c,cultivate,1756,224
c,cultivate,1757,398
c,cultivate,1758,510
c,cultivate,1759,548
c,cultivate,1760,502
c,cultivate,1761,498
c,cultivate,1762,344
c,cultivate,1763,544
c,cultivate,1764,562
c,cultivate,1765,396
c,cultivate,1766,866
c,cultivate,1767,668
c,cultivate,1768,812
c,cultivate,1769,544
c,cultivate,1770,766
c,cultivate,1771,752
c,cultivate,1772,1068
c,cultivate,1773,532
c,cultivate,1774,764
c,cultivate,1775,642
c,cultivate,1776,1072
c,cultivate,1777,966
c,cultivate,1778,800
c,cultivate,1779,520
c,cultivate,1780,570
c,cultivate,1781,554
c,cultivate,1782,512
c,cultivate,1783,900
c,cultivate,1784,912
c,cultivate,1785,652
c,cultivate,1786,644
c,cultivate,1787,1102
c,cultivate,1788,1442
c,cultivate,1789,1080
c,cultivate,1790,1168
c,cultivate,1791,1248
c,cultivate,1792,1634
c,cultivate,1793,1582
c,cultivate,1794,1646
c,cultivate,1795,1460
c,cultivate,1796,1444
c,cultivate,1797,1408
c,cultivate,1798,1538
c,cultivate,1799,1592
c,cultivate,1800,2038
c,cultivate,1801,3782
c,cultivate,1802,2366
c,cultivate,1803,3294
c,cultivate,1804,3720
c,cultivate,1805,3242
c,cultivate,1806,3166
c,cultivate,1807,4118
c,cultivate,1808,3388
c,cultivate,1809,3982
c,cultivate,1810,3416
c,cultivate,1811,5064
c,cultivate,1812,3950
c,cultivate,1813,3344
c,cultivate,1814,4052
c,cultivate,1815,3570
c,cultivate,1816,3452
c,cultivate,1817,4822
c,cultivate,1818,4806
c,cultivate,1819,4790
c,cultivate,1820,6416
c,cultivate,1821,5482
c,cultivate,1822,6926
c,cultivate,1823,6458
c,cultivate,1824,8034
c,cultivate,1825,8216
c,cultivate,1826,5428
c,cultivate,1827,6548
c,cultivate,1828,6804
c,cultivate,1829,6936
c,cultivate,1830,7896
c,cultivate,1831,7200
c,cultivate,1832,8954
c,cultivate,1833,9266
c,cultivate,1834,7644
c,cultivate,1835,10660
c,cultivate,1836,9052
c,cultivate,1837,9170
c,cultivate,1838,9676
c,cultivate,1839,10116
c,cultivate,1840,10212
c,cultivate,1841,7834
c,cultivate,1842,7474
c,cultivate,1843,8620
c,cultivate,1844,9168
c,cultivate,1845,9312
c,cultivate,1846,10768
c,cultivate,1847,10320
c,cultivate,1848,12024
c,cultivate,1849,10416
c,cultivate,1850,12282
c,cultivate,1851,12156
c,cultivate,1852,13612
c,cultivate,1853,14720
c,cultivate,1854,16390
c,cultivate,1855,13012
c,cultivate,1856,15004
c,cultivate,1857,12941
c,cultivate,1858,11352
c,cultivate,1859,13742
c,cultivate,1860,13882
c,cultivate,1861,9198
c,cultivate,1862,7640
c,cultivate,1863,7981
c,cultivate,1864,8900
c,cultivate,1865,9114
c,cultivate,1866,10196
c,cultivate,1867,10016
c,cultivate,1868,10256
c,cultivate,1869,13468
c,cultivate,1870,11373
c,cultivate,1871,9940
c,cultivate,1872,11112
c,cultivate,1873,11818
c,cultivate,1874,11746
c,cultivate,1875,12792
c,cultivate,1876,13825
c,cultivate,1877,12170
c,cultivate,1878,11930
c,cultivate,1879,12470
c,cultivate,1880,14254
c,cultivate,1881,14430
c,cultivate,1882,15104
c,cultivate,1883,17984
c,cultivate,1884,16517
c,cultivate,1885,16366
c,cultivate,1886,14306
c,cultivate,1887,14185
c,cultivate,1888,14728
c,cultivate,1889,13663
c,cultivate,1890,15036
c,cultivate,1891,14773
c,cultivate,1892,16866
c,cultivate,1893,16004
c,cultivate,1894,15290
c,cultivate,1895,15510
c,cultivate,1896,17484
c,cultivate,1897,16900
c,cultivate,1898,18722
c,cultivate,1899,21524
c,cultivate,1900,24217
c,cultivate,1901,21515
c,cultivate,1902,20352
c,cultivate,1903,20484
c,cultivate,1904,24557
c,cultivate,1905,22019
c,cultivate,1906,21810
c,cultivate,1907,23007
c,cultivate,1908,23616
c,cultivate,1909,23936
c,cultivate,1910,23788
c,cultivate,1911,22019
c,cultivate,1912,24048
c,cultivate,1913,23773
c,cultivate,1914,23353
c,cultivate,1915,21041
c,cultivate,1916,19478
c,cultivate,1917,19702
c,cultivate,1918,17798
c,cultivate,1919,18799
c,cultivate,1920,22633
c,cultivate,1921,20279
c,cultivate,1922,23150
c,cultivate,1923,18208
c,cultivate,1924,17299
c,cultivate,1925,17877
c,cultivate,1926,16538
c,cultivate,1927,19490
c,cultivate,1928,18274
c,cultivate,1929,17547
c,cultivate,1930,18708
c,cultivate,1931,17758
c,cultivate,1932,15142
c,cultivate,1933,12739
c,cultivate,1934,16180
c,cultivate,1935,16449
c,cultivate,1936,17214
c,cultivate,1937,17618
c,cultivate,1938,16061
c,cultivate,1939,17137
c,cultivate,1940,15637
c,cultivate,1941,13934
c,cultivate,1942,14372
c,cultivate,1943,11660
c,cultivate,1944,10262
c,cultivate,1945,12740
c,cultivate,1946,15749
c,cultivate,1947,18394
c,cultivate,1948,18663
c,cultivate,1949,20972
c,cultivate,1950,19184
c,cultivate,1951,18725
c,cultivate,1952,19491
c,cultivate,1953,18977
c,cultivate,1954,19985
c,cultivate,1955,20789
c,cultivate,1956,20648
c,cultivate,1957,23390
c,cultivate,1958,23934
c,cultivate,1959,23990
c,cultivate,1960,26029
c,cultivate,1961,30467
c,cultivate,1962,31964
c,cultivate,1963,35376
c,cultivate,1964,34680
c,cultivate,1965,41764
c,cultivate,1966,40916
c,cultivate,1967,43046
c,cultivate,1968,46902
c,cultivate,1969,48269
c,cultivate,1970,48066
c,cultivate,1971,46912
c,cultivate,1972,45090
c,cultivate,1973,43965
c,cultivate,1974,42956
c,cultivate,1975,42715
c,cultivate,1976,44564
c,cultivate,1977,45072
c,cultivate,1978,42622
c,cultivate,1979,43013
c,cultivate,1980,42407
c,cultivate,1981,41644
c,cultivate,1982,44298
c,cultivate,1983,44775
c,cultivate,1984,46018
c,cultivate,1985,47691
c,cultivate,1986,53168
c,cultivate,1987,51800
c,cultivate,1988,56999
c,cultivate,1989,57524
c,cultivate,1990,61340
c,cultivate,1991,61605
c,cultivate,1992,66623
c,cultivate,1993,69176
c,cultivate,1994,71347
c,cultivate,1995,75406
c,cultivate,1996,82218
c,cultivate,1997,84858
c,cultivate,1998,87862
c,cultivate,1999,94278
c,cultivate,2000,105140
c,cultivate,2001,105663
c,cultivate,2002,115549
c,cultivate,2003,130373
c,cultivate,2004,143850
c,cultivate,2005,138346
c,cultivate,2006,157239
c,cultivate,2007,170922
c,cultivate,2008,249677
d,diplomacy,1515,4
d,diplomacy,1524,2
d,diplomacy,1572,2
d,diplomacy,1584,8
d,diplomacy,1607,2
d,diplomacy,1624,6
d,diplomacy,1637,8
d,diplomacy,1648,22
d,diplomacy,1649,2
d,diplomacy,1669,2
d,diplomacy,1680,2
d,diplomacy,1683,14
d,diplomacy,1705,4
d,diplomacy,1712,2
d,diplomacy,1719,6
d,diplomacy,1737,2
d,diplomacy,1746,2
d,diplomacy,1766,4
d,diplomacy,1775,2
d,diplomacy,1776,6
d,diplomacy,1777,8
d,diplomacy,1782,4
d,diplomacy,1788,2
d,diplomacy,1791,6
d,diplomacy,1792,72
d,diplomacy,1794,12
d,diplomacy,1796,12
d,diplomacy,1797,30
d,diplomacy,1798,4
d,diplomacy,1799,34
d,diplomacy,1800,84
d,diplomacy,1801,92
d,diplomacy,1802,46
d,diplomacy,1803,72
d,diplomacy,1804,72
d,diplomacy,1805,86
d,diplomacy,1806,138
d,diplomacy,1807,132
d,diplomacy,1808,112
d,diplomacy,1809,132
d,diplomacy,1810,190
d,diplomacy,1811,144
d,diplomacy,1812,124
d,diplomacy,1813,102
d,diplomacy,1814,238
d,diplomacy,1815,174
d,diplomacy,1816,204
d,diplomacy,1817,362
d,diplomacy,1818,552
d,diplomacy,1819,124
d,diplomacy,1820,232
d,diplomacy,1821,294
d,diplomacy,1822,256
d,diplomacy,1823,396
d,diplomacy,1824,354
d,diplomacy,1825,588
d,diplomacy,1826,564
d,diplomacy,1827,926
d,diplomacy,1828,1122
d,diplomacy,1829,676
d,diplomacy,1830,832
d,diplomacy,1831,978
d,diplomacy,1832,1364
d,diplomacy,1833,1110
d,diplomacy,1834,1194
d,diplomacy,1835,2118
d,diplomacy,1836,2320
d,diplomacy,1837,1230
d,diplomacy,1838,1796
d,diplomacy,1839,1856
d,diplomacy,1840,1616
d,diplomacy,1841,1938
d,diplomacy,1842,1638
d,diplomacy,1843,2142
d,diplomacy,1844,2004
d,diplomacy,1845,3342
d,diplomacy,1846,3036
d,diplomacy,1847,2756
d,diplomacy,1848,3132
d,diplomacy,1849,3278
d,diplomacy,1850,3378
d,diplomacy,1851,3920
d,diplomacy,1852,3736
d,diplomacy,1853,4828
d,diplomacy,1854,6394
d,diplomacy,1855,5172
d,diplomacy,1856,7442
d,diplomacy,1857,5758
d,diplomacy,1858,4094
d,diplomacy,1859,4340
d,diplomacy,1860,5184
d,diplomacy,1861,4060
d,diplomacy,1862,3214
d,diplomacy,1863,4068
d,diplomacy,1864,3972
d,diplomacy,1865,3380
d,diplomacy,1866,4042
d,diplomacy,1867,4432
d,diplomacy,1868,4346
d,diplomacy,1869,4272
d,diplomacy,1870,4878
d,diplomacy,1871,4138
d,diplomacy,1872,4250
d,diplomacy,1873,4232
d,diplomacy,1874,4402
d,diplomacy,1875,4710
d,diplomacy,1876,4552
d,diplomacy,1877,7260
d,diplomacy,1878,6142
d,diplomacy,1879,6800
d,diplomacy,1880,7702
d,diplomacy,1881,7444
d,diplomacy,1882,7948
d,diplomacy,1883,7132
d,diplomacy,1884,8314
d,diplomacy,1885,7944
d,diplomacy,1886,7034
d,diplomacy,1887,9638
d,diplomacy,1888,9694
d,diplomacy,1889,6910
d,diplomacy,1890,8142
d,diplomacy,1891,8074
d,diplomacy,1892,7852
d,diplomacy,1893,9714
d,diplomacy,1894,10234
d,diplomacy,1895,10128
d,diplomacy,1896,12836
d,diplomacy,1897,11388
d,diplomacy,1898,16026
d,diplomacy,1899,18976
d,diplomacy,1900,23210
d,diplomacy,1901,17930
d,diplomacy,1902,17420
d,diplomacy,1903,17694
d,diplomacy,1904,20220
d,diplomacy,1905,21540
d,diplomacy,1906,18758
d,diplomacy,1907,18364
d,diplomacy,1908,22546
d,diplomacy,1909,18214
d,diplomacy,1910,17985
d,diplomacy,1911,18112
d,diplomacy,1912,19682
d,diplomacy,1913,18984
d,diplomacy,1914,23684
d,diplomacy,1915,34774
d,diplomacy,1916,31028
d,diplomacy,1917,28198
d,diplomacy,1918,32437
d,diplomacy,1919,32644
d,diplomacy,1920,30981
d,diplomacy,1921,28148
d,diplomacy,1922,32844
d,diplomacy,1923,21095
d,diplomacy,1924,20140
d,diplomacy,1925,22986
d,diplomacy,1926,18074
d,diplomacy,1927,23816
d,diplomacy,1928,25557
d,diplomacy,1929,22280
d,diplomacy,1930,22940
d,diplomacy,1931,26505
d,diplomacy,1932,17780
d,diplomacy,1933,17452
d,diplomacy,1934,23872
d,diplomacy,1935,26032
d,diplomacy,1936,27032
d,diplomacy,1937,22318
d,diplomacy,1938,26256
d,diplomacy,1939,27314
d,diplomacy,1940,24614
d,diplomacy,1941,20420
d,diplomacy,1942,19078
d,diplomacy,1943,17240
d,diplomacy,1944,19205
d,diplomacy,1945,15124
d,diplomacy,1946,19204
d,diplomacy,1947,22388
d,diplomacy,1948,25156
d,diplomacy,1949,22736
d,diplomacy,1950,29216
d,diplomacy,1951,25948
d,diplomacy,1952,28816
d,diplomacy,1953,29786
d,diplomacy,1954,29510
d,diplomacy,1955,32320
d,diplomacy,1956,30688
d,diplomacy,1957,34408
d,diplomacy,1958,35442
d,diplomacy,1959,39502
d,diplomacy,1960,43630
d,diplomacy,1961,50422
d,diplomacy,1962,56162
d,diplomacy,1963,61826
d,diplomacy,1964,63110
d,diplomacy,1965,72054
d,diplomacy,1966,72278
d,diplomacy,1967,83074
d,diplomacy,1968,82492
d,diplomacy,1969,86360
d,diplomacy,1970,82579
d,diplomacy,1971,87238
d,diplomacy,1972,77794
d,diplomacy,1973,73602
d,diplomacy,1974,77404
d,diplomacy,1975,73358
d,diplomacy,1976,72196
d,diplomacy,1977,74194
d,diplomacy,1978,69662
d,diplomacy,1979,79548
d,diplomacy,1980,80270
d,diplomacy,1981,74044
d,diplomacy,1982,71354
d,diplomacy,1983,81724
d,diplomacy,1984,89256
d,diplomacy,1985,92164
d,diplomacy,1986,90232
d,diplomacy,1987,89600
d,diplomacy,1988,109431
d,diplomacy,1989,106068
d,diplomacy,1990,106664
d,diplomacy,1991,102439
d,diplomacy,1992,105576
d,diplomacy,1993,106576
d,diplomacy,1994,111052
d,diplomacy,1995,116276
d,diplomacy,1996,121860
d,diplomacy,1997,128424
d,diplomacy,1998,128409
d,diplomacy,1999,149302
d,diplomacy,2000,152498
d,diplomacy,2001,161746
d,diplomacy,2002,181615
d,diplomacy,2003,187541
d,diplomacy,2004,206399
d,diplomacy,2005,205823
d,diplomacy,2006,211075
d,diplomacy,2007,265629
d,diplomacy,2008,278710
d,dominate,1515,4
d,dominate,1572,2
d,dominate,1582,2
d,dominate,1587,4
d,dominate,1607,2
d,dominate,1620,2
d,dominate,1631,2
d,dominate,1637,2
d,dominate,1644,4
d,dominate,1680,2
d,dominate,1681,2
d,dominate,1688,4
d,dominate,1714,2
d,dominate,1719,2
d,dominate,1720,2
d,dominate,1736,4
d,dominate,1740,2
d,dominate,1741,2
d,dominate,1746,4
d,dominate,1747,2
d,dominate,1749,2
d,dominate,1751,2
d,dominate,1753,6
d,dominate,1759,2
d,dominate,1764,2
d,dominate,1766,2
d,dominate,1767,2
d,dominate,1768,2
d,dominate,1770,4
d,dominate,1772,2
d,dominate,1774,4
d,dominate,1775,4
d,dominate,1776,2
d,dominate,1777,10
d,dominate,1780,10
d,dominate,1782,2
d,dominate,1783,2
d,dominate,1784,2
d,dominate,1787,2
d,dominate,1788,4
d,dominate,1789,8
d,dominate,1790,4
d,dominate,1792,2
d,dominate,1793,4
d,dominate,1798,20
d,dominate,1799,12
d,dominate,1800,24
d,dominate,1801,30
d,dominate,1803,4
d,dominate,1804,4
d,dominate,1805,8
d,dominate,1806,16
d,dominate,1807,4
d,dominate,1808,8
d,dominate,1809,4
d,dominate,1810,8
d,dominate,1811,6
d,dominate,1812,4
d,dominate,1813,18
d,dominate,1814,14
d,dominate,1815,26
d,dominate,1816,22
d,dominate,1817,2
d,dominate,1818,16
d,dominate,1819,16
d,dominate,1820,44
d,dominate,1821,42
d,dominate,1822,36
d,dominate,1823,6
d,dominate,1824,24
d,dominate,1825,22
d,dominate,1826,12
d,dominate,1827,14
d,dominate,1828,24
d,dominate,1829,30
d,dominate,1830,18
d,dominate,1831,40
d,dominate,1832,24
d,dominate,1833,34
d,dominate,1834,12
d,dominate,1835,20
d,dominate,1836,56
d,dominate,1837,42
d,dominate,1838,76
d,dominate,1839,38
d,dominate,1840,70
d,dominate,1841,66
d,dominate,1842,40
d,dominate,1843,48
d,dominate,1844,50
d,dominate,1845,34
d,dominate,1846,156
d,dominate,1847,82
d,dominate,1848,84
d,dominate,1849,102
d,dominate,1850,160
d,dominate,1851,150
d,dominate,1852,160
d,dominate,1853,134
d,dominate,1854,216
d,dominate,1855,107
d,dominate,1856,266
d,dominate,1857,242
d,dominate,1858,284
d,dominate,1859,198
d,dominate,1860,220
d,dominate,1861,263
d,dominate,1862,210
d,dominate,1863,268
d,dominate,1864,278
d,dominate,1865,288
d,dominate,1866,296
d,dominate,1867,430
d,dominate,1868,408
d,dominate,1869,548
d,dominate,1870,486
d,dominate,1871,674
d,dominate,1872,466
d,dominate,1873,716
d,dominate,1874,662
d,dominate,1875,736
d,dominate,1876,616
d,dominate,1877,986
d,dominate,1878,771
d,dominate,1879,788
d,dominate,1880,1206
d,dominate,1881,1062
d,dominate,1882,1086
d,dominate,1883,1264
d,dominate,1884,1472
d,dominate,1885,1662
d,dominate,1886,1286
d,dominate,1887,1560
d,dominate,1888,1662
d,dominate,1889,1638
d,dominate,1890,2124
d,dominate,1891,2290
d,dominate,1892,2642
d,dominate,1893,2834
d,dominate,1894,2986
d,dominate,1895,3028
d,dominate,1896,3476
d,dominate,1897,3402
d,dominate,1898,3922
d,dominate,1899,4930
d,dominate,1900,5822
d,dominate,1901,5410
d,dominate,1902,5463
d,dominate,1903,5408
d,dominate,1904,7234
d,dominate,1905,6722
d,dominate,1906,6876
d,dominate,1907,7868
d,dominate,1908,7834
d,dominate,1909,7452
d,dominate,1910,7772
d,dominate,1911,8344
d,dominate,1912,9233
d,dominate,1913,9230
d,dominate,1914,9596
d,dominate,1915,11050
d,dominate,1916,10448
d,dominate,1917,11056
d,dominate,1918,11834
d,dominate,1919,12502
d,dominate,1920,13948
d,dominate,1921,12600
d,dominate,1922,14063
d,dominate,1923,11429
d,dominate,1924,10362
d,dominate,1925,10582
d,dominate,1926,10846
d,dominate,1927,11984
d,dominate,1928,12386
d,dominate,1929,12156
d,dominate,1930,13197
d,dominate,1931,12986
d,dominate,1932,11863
d,dominate,1933,10112
d,dominate,1934,12851
d,dominate,1935,13830
d,dominate,1936,14570
d,dominate,1937,14508
d,dominate,1938,15948
d,dominate,1939,17690
d,dominate,1940,17126
d,dominate,1941,15674
d,dominate,1942,15768
d,dominate,1943,12844
d,dominate,1944,13726
d,dominate,1945,12628
d,dominate,1946,16992
d,dominate,1947,19656
d,dominate,1948,20792
d,dominate,1949,22462
d,dominate,1950,22296
d,dominate,1951,21352
d,dominate,1952,20182
d,dominate,1953,22439
d,dominate,1954,22096
d,dominate,1955,22367
d,dominate,1956,24504
d,dominate,1957,26454
d,dominate,1958,27122
d,dominate,1959,29062
d,dominate,1960,35676
d,dominate,1961,38257
d,dominate,1962,42100
d,dominate,1963,45484
d,dominate,1964,48635
d,dominate,1965,52377
d,dominate,1966,55425
d,dominate,1967,59848
d,dominate,1968,66812
d,dominate,1969,65694
d,dominate,1970,69031
d,dominate,1971,72624
d,dominate,1972,74269
d,dominate,1973,74572
d,dominate,1974,73070
d,dominate,1975,74751
d,dominate,1976,77730
d,dominate,1977,80071
d,dominate,1978,81320
d,dominate,1979,87011
d,dominate,1980,90392
d,dominate,1981,90385
d,dominate,1982,94885
d,dominate,1983,99867
d,dominate,1984,103916
d,dominate,1985,106204
d,dominate,1986,114328
d,dominate,1987,117188
d,dominate,1988,125309
d,dominate,1989,135192
d,dominate,1990,143889
d,dominate,1991,143621
d,dominate,1992,160442
d,dominate,1993,157166
d,dominate,1994,167366
d,dominate,1995,171440
d,dominate,1996,182701
d,dominate,1997,186204
d,dominate,1998,196165
d,dominate,1999,200078
d,dominate,2000,228087
d,dominate,2001,223715
d,dominate,2002,240705
d,dominate,2003,253350
d,dominate,2004,265627
d,dominate,2005,265718
d,dominate,2006,270057
d,dominate,2007,274904
d,dominate,2008,259093
e,enemy,1507,8
e,enemy,1515,2
e,enemy,1520,8
e,enemy,1524,70
e,enemy,1563,54
e,enemy,1564,4
e,enemy,1568,2
e,enemy,1572,10
e,enemy,1574,4
e,enemy,1575,394
e,enemy,1579,72
e,enemy,1581,66
e,enemy,1582,924
e,enemy,1584,10
e,enemy,1587,20
e,enemy,1588,2
e,enemy,1589,6
e,enemy,1590,100
e,enemy,1592,12
e,enemy,1597,2
e,enemy,1598,6
e,enemy,1603,2
e,enemy,1606,30
e,enemy,1607,48
e,enemy,1610,4
e,enemy,1611,4
e,enemy,1612,4
e,enemy,1614,6
e,enemy,1619,28
e,enemy,1620,36
e,enemy,1621,8
e,enemy,1623,8
e,enemy,1624,28
e,enemy,1625,6
e,enemy,1626,2
e,enemy,1628,4
e,enemy,1629,2
e,enemy,1630,10
e,enemy,1631,6
e,enemy,1632,52
e,enemy,1634,6
e,enemy,1635,24
e,enemy,1637,1202
e,enemy,1638,40
e,enemy,1640,4
e,enemy,1641,4
e,enemy,1642,6
e,enemy,1643,26
e,enemy,1644,248
e,enemy,1645,18
e,enemy,1646,4
e,enemy,1647,28
e,enemy,1648,292
e,enemy,1649,274
e,enemy,1650,34
e,enemy,1651,236
e,enemy,1652,10
e,enemy,1653,146
e,enemy,1654,14
e,enemy,1655,96
e,enemy,1656,196
e,enemy,1657,138
e,enemy,1658,158
e,enemy,1659,32
e,enemy,1660,26
e,enemy,1661,250
e,enemy,1662,42
e,enemy,1663,4
e,enemy,1664,22
e,enemy,1665,62
e,enemy,1666,6
e,enemy,1667,262
e,enemy,1668,236
e,enemy,1669,42
e,enemy,1670,360
e,enemy,1671,42
e,enemy,1672,26
e,enemy,1673,486
e,enemy,1674,10
e,enemy,1675,570
e,enemy,1676,626
e,enemy,1677,58
e,enemy,1678,1086
e,enemy,1679,238
e,enemy,1680,700
e,enemy,1681,346
e,enemy,1682,488
e,enemy,1683,494
e,enemy,1684,446
e,enemy,1685,1168
e,enemy,1686,432
e,enemy,1687,206
e,enemy,1688,1228
e,enemy,1689,286
e,enemy,1690,92
e,enemy,1691,288
e,enemy,1692,248
e,enemy,1693,1398
e,enemy,1694,372
e,enemy,1695,112
e,enemy,1696,122
e,enemy,1697,96
e,enemy,1698,2508
e,enemy,1699,578
e,enemy,1700,432
e,enemy,1701,678
e,enemy,1702,1140
e,enemy,1703,1330
e,enemy,1704,1902
e,enemy,1705,956
e,enemy,1706,1856
e,enemy,1707,2190
e,enemy,1708,1808
e,enemy,1709,498
e,enemy,1710,1888
e,enemy,1711,2770
e,enemy,1712,1088
e,enemy,1713,608
e,enemy,1714,1150
e,enemy,1715,2054
e,enemy,1716,796
e,enemy,1717,1072
e,enemy,1718,638
e,enemy,1719,882
e,enemy,1720,2080
e,enemy,1721,2292
e,enemy,1722,1432
e,enemy,1723,2244
e,enemy,1724,2206
e,enemy,1725,1220
e,enemy,1726,1752
e,enemy,1727,5698
e,enemy,1728,3018
e,enemy,1729,4846
e,enemy,1730,3904
e,enemy,1731,3958
e,enemy,1732,2032
e,enemy,1733,2002
e,enemy,1734,2592
e,enemy,1735,2496
e,enemy,1736,1720
e,enemy,1737,2164
e,enemy,1738,6310
e,enemy,1739,3882
e,enemy,1740,4668
e,enemy,1741,3766
e,enemy,1742,3720
e,enemy,1743,3650
e,enemy,1744,6119
e,enemy,1745,3337
e,enemy,1746,2692
e,enemy,1747,8054
e,enemy,1748,5864
e,enemy,1749,2216
e,enemy,1750,7616
e,enemy,1751,5918
e,enemy,1752,6636
e,enemy,1753,7704
e,enemy,1754,8512
e,enemy,1755,8814
e,enemy,1756,4264
e,enemy,1757,5070
e,enemy,1758,10714
e,enemy,1759,11382
e,enemy,1760,7347
e,enemy,1761,14713
e,enemy,1762,6324
e,enemy,1763,13892
e,enemy,1764,6740
e,enemy,1765,3662
e,enemy,1766,8914
e,enemy,1767,5090
e,enemy,1768,15248
e,enemy,1769,5970
e,enemy,1770,10842
e,enemy,1771,6740
e,enemy,1772,6422
e,enemy,1773,8908
e,enemy,1774,7446
e,enemy,1775,7406
e,enemy,1776,6214
e,enemy,1777,7105
e,enemy,1778,8058
e,enemy,1779,15178
e,enemy,1780,11984
e,enemy,1781,11058
e,enemy,1782,8574
e,enemy,1783,9094
e,enemy,1784,6876
e,enemy,1785,12084
e,enemy,1786,16218
e,enemy,1787,15490
e,enemy,1788,16480
e,enemy,1789,18878
e,enemy,1790,17460
e,enemy,1791,9622
e,enemy,1792,15020
e,enemy,1793,17086
e,enemy,1794,14752
e,enemy,1795,18538
e,enemy,1796,21040
e,enemy,1797,22713
e,enemy,1798,14616
e,enemy,1799,13330
e,enemy,1800,22653
e,enemy,1801,29396
e,enemy,1802,43344
e,enemy,1803,37484
e,enemy,1804,68756
e,enemy,1805,56934
e,enemy,1806,52424
e,enemy,1807,45048
e,enemy,1808,47400
e,enemy,1809,55749
e,enemy,1810,60746
e,enemy,1811,66558
e,enemy,1812,63952
e,enemy,1813,53370
e,enemy,1814,97588
e,enemy,1815,74606
e,enemy,1816,75702
e,enemy,1817,104426
e,enemy,1818,96326
e,enemy,1819,52326
e,enemy,1820,93150
e,enemy,1821,58870
e,enemy,1822,101218
e,enemy,1823,110022
e,enemy,1824,90866
e,enemy,1825,117631
e,enemy,1826,86223
e,enemy,1827,112551
e,enemy,1828,118874
e,enemy,1829,105528
e,enemy,1830,110764
e,enemy,1831,86036
e,enemy,1832,111973
e,enemy,1833,89996
e,enemy,1834,91506
e,enemy,1835,113454
e,enemy,1836,126536
e,enemy,1837,127894
e,enemy,1838,111196
e,enemy,1839,150318
e,enemy,1840,151012
e,enemy,1841,120208
e,enemy,1842,101226
e,enemy,1843,122849
e,enemy,1844,119996
e,enemy,1845,172621
e,enemy,1846,142316
e,enemy,1847,164582
e,enemy,1848,149486
e,enemy,1849,148698
e,enemy,1850,155786
e,enemy,1851,164138
e,enemy,1852,190788
e,enemy,1853,184600
e,enemy,1854,204158
e,enemy,1855,197060
e,enemy,1856,231858
e,enemy,1857,197954
e,enemy,1858,190412
e,enemy,1859,198858
e,enemy,1860,201854
e,enemy,1861,183866
e,enemy,1862,156125
e,enemy,1863,162232
e,enemy,1864,208666
e,enemy,1865,230072
e,enemy,1866,314563
e,enemy,1867,219676
e,enemy,1868,182818
e,enemy,1869,152154
e,enemy,1870,143912
e,enemy,1871,146220
e,enemy,1872,114412
e,enemy,1873,123108
e,enemy,1874,141588
e,enemy,1875,164172
e,enemy,1876,156392
e,enemy,1877,150788
e,enemy,1878,148910
e,enemy,1879,167248
e,enemy,1880,202098
e,enemy,1881,219412
e,enemy,1882,203412
e,enemy,1883,216846
e,enemy,1884,212348
e,enemy,1885,218590
e,enemy,1886,188178
e,enemy,1887,181894
e,enemy,1888,188984
e,enemy,1889,167710
e,enemy,1890,212172
e,enemy,1891,186143
e,enemy,1892,206160
e,enemy,1893,194102
e,enemy,1894,209440
e,enemy,1895,228038
e,enemy,1896,222028
e,enemy,1897,247826
e,enemy,1898,259356
e,enemy,1899,311120
e,enemy,1900,316421
e,enemy,1901,294848
e,enemy,1902,284234
e,enemy,1903,261208
e,enemy,1904,300790
e,enemy,1905,266882
e,enemy,1906,262466
e,enemy,1907,270606
e,enemy,1908,258696
e,enemy,1909,218268
e,enemy,1910,227246
e,enemy,1911,211914
e,enemy,1912,242898
e,enemy,1913,212337
e,enemy,1914,270974
e,enemy,1915,262223
e,enemy,1916,250524
e,enemy,1917,286778
e,enemy,1918,295542
e,enemy,1919,406074
e,enemy,1920,362086
e,enemy,1921,249560
e,enemy,1922,242936
e,enemy,1923,224217
e,enemy,1924,175034
e,enemy,1925,160396
e,enemy,1926,164799
e,enemy,1927,191911
e,enemy,1928,196580
e,enemy,1929,177124
e,enemy,1930,186722
e,enemy,1931,187817
e,enemy,1932,172268
e,enemy,1933,113239
e,enemy,1934,165100
e,enemy,1935,178258
e,enemy,1936,185933
e,enemy,1937,194998
e,enemy,1938,155516
e,enemy,1939,175506
e,enemy,1940,186862
e,enemy,1941,174442
e,enemy,1942,223254
e,enemy,1943,261834
e,enemy,1944,217702
e,enemy,1945,185760
e,enemy,1946,247714
e,enemy,1947,254081
e,enemy,1948,232058
e,enemy,1949,235042
e,enemy,1950,228944
e,enemy,1951,234500
e,enemy,1952,292986
e,enemy,1953,226386
e,enemy,1954,293057
e,enemy,1955,229878
e,enemy,1956,260310
e,enemy,1957,317416
e,enemy,1958,277236
e,enemy,1959,314798
e,enemy,1960,337369
e,enemy,1961,405119
e,enemy,1962,440773
e,enemy,1963,407131
e,enemy,1964,388214
e,enemy,1965,455664
e,enemy,1966,500567
e,enemy,1967,499610
e,enemy,1968,538558
e,enemy,1969,549126
e,enemy,1970,557444
e,enemy,1971,499256
e,enemy,1972,526039
e,enemy,1973,434512
e,enemy,1974,451306
e,enemy,1975,416784
e,enemy,1976,398154
e,enemy,1977,430428
e,enemy,1978,422840
e,enemy,1979,434147
e,enemy,1980,427454
e,enemy,1981,441109
e,enemy,1982,425473
e,enemy,1983,432956
e,enemy,1984,457666
e,enemy,1985,510168
e,enemy,1986,494975
e,enemy,1987,509309
e,enemy,1988,560776
e,enemy,1989,577492
e,enemy,1990,616424
e,enemy,1991,613668
e,enemy,1992,664960
e,enemy,1993,588706
e,enemy,1994,656714
e,enemy,1995,672040
e,enemy,1996,713848
e,enemy,1997,727020
e,enemy,1998,782602
e,enemy,1999,890778
e,enemy,2000,979626
e,enemy,2001,983786
e,enemy,2002,1131931
e,enemy,2003,1243900
e,enemy,2004,1538041
e,enemy,2005,1365026
e,enemy,2006,1610417
e,enemy,2007,1774376
e,enemy,2008,2790129
h,harmony,1515,8
h,harmony,1524,6
h,harmony,1563,2
h,harmony,1564,2
h,harmony,1574,2
h,harmony,1579,2
h,harmony,1581,2
h,harmony,1582,8
h,harmony,1587,4
h,harmony,1590,8
h,harmony,1592,8
h,harmony,1593,4
h,harmony,1595,12
h,harmony,1598,20
h,harmony,1602,12
h,harmony,1607,40
h,harmony,1612,2
h,harmony,1620,4
h,harmony,1624,6
h,harmony,1635,24
h,harmony,1637,2
h,harmony,1638,10
h,harmony,1640,2
h,harmony,1643,4
h,harmony,1644,2
h,harmony,1645,10
h,harmony,1646,2
h,harmony,1647,10
h,harmony,1648,4
h,harmony,1649,4
h,harmony,1650,4
h,harmony,1651,14
h,harmony,1652,2
h,harmony,1653,8
h,harmony,1654,18
h,harmony,1655,8
h,harmony,1656,24
h,harmony,1657,6
h,harmony,1658,42
h,harmony,1659,126
h,harmony,1660,14
h,harmony,1661,2
h,harmony,1662,4
h,harmony,1663,6
h,harmony,1664,4
h,harmony,1665,2
h,harmony,1666,6
h,harmony,1667,26
h,harmony,1668,20
h,harmony,1669,26
h,harmony,1670,12
h,harmony,1671,10
h,harmony,1672,12
h,harmony,1673,4
h,harmony,1675,68
h,harmony,1676,54
h,harmony,1677,34
h,harmony,1678,18
h,harmony,1679,18
h,harmony,1680,32
h,harmony,1681,42
h,harmony,1682,74
h,harmony,1683,78
h,harmony,1684,64
h,harmony,1685,68
h,harmony,1686,36
h,harmony,1687,12
h,harmony,1688,22
h,harmony,1689,32
h,harmony,1690,20
h,harmony,1691,4
h,harmony,1692,40
h,harmony,1693,46
h,harmony,1694,38
h,harmony,1695,30
h,harmony,1696,48
h,harmony,1697,16
h,harmony,1698,76
h,harmony,1699,126
h,harmony,1700,128
h,harmony,1701,180
h,harmony,1702,118
h,harmony,1703,70
h,harmony,1704,216
h,harmony,1705,108
h,harmony,1706,274
h,harmony,1707,176
h,harmony,1708,168
h,harmony,1709,124
h,harmony,1710,228
h,harmony,1711,168
h,harmony,1712,156
h,harmony,1713,132
h,harmony,1714,226
h,harmony,1715,130
h,harmony,1716,210
h,harmony,1717,162
h,harmony,1718,130
h,harmony,1719,112
h,harmony,1720,222
h,harmony,1721,910
h,harmony,1722,286
h,harmony,1723,188
h,harmony,1724,260
h,harmony,1725,348
h,harmony,1726,292
h,harmony,1727,286
h,harmony,1728,342
h,harmony,1729,636
h,harmony,1730,410
h,harmony,1731,878
h,harmony,1732,480
h,harmony,1733,230
h,harmony,1734,408
h,harmony,1735,248
h,harmony,1736,300
h,harmony,1737,491
h,harmony,1738,354
h,harmony,1739,376
h,harmony,1740,490
h,harmony,1741,236
h,harmony,1742,504
h,harmony,1743,532
h,harmony,1744,692
h,harmony,1745,426
h,harmony,1746,276
h,harmony,1747,592
h,harmony,1748,792
h,harmony,1749,1080
h,harmony,1750,830
h,harmony,1751,614
h,harmony,1752,928
h,harmony,1753,1096
h,harmony,1754,1094
h,harmony,1755,1144
h,harmony,1756,702
h,harmony,1757,664
h,harmony,1758,792
h,harmony,1759,970
h,harmony,1760,876
h,harmony,1761,1150
h,harmony,1762,726
h,harmony,1763,978
h,harmony,1764,1302
h,harmony,1765,1072
h,harmony,1766,1326
h,harmony,1767,968
h,harmony,1768,1082
h,harmony,1769,1412
h,harmony,1770,1204
h,harmony,1771,546
h,harmony,1772,978
h,harmony,1773,912
h,harmony,1774,1614
h,harmony,1775,1564
h,harmony,1776,3568
h,harmony,1777,1374
h,harmony,1778,1032
h,harmony,1779,1386
h,harmony,1780,1214
h,harmony,1781,1722
h,harmony,1782,2306
h,harmony,1783,1302
h,harmony,1784,880
h,harmony,1785,1528
h,harmony,1786,1390
h,harmony,1787,1930
h,harmony,1788,2598
h,harmony,1789,4295
h,harmony,1790,1844
h,harmony,1791,1590
h,harmony,1792,2238
h,harmony,1793,2194
h,harmony,1794,2454
h,harmony,1795,2360
h,harmony,1796,2988
h,harmony,1797,2274
h,harmony,1798,2508
h,harmony,1799,2756
h,harmony,1800,4482
h,harmony,1801,6762
h,harmony,1802,5496
h,harmony,1803,5764
h,harmony,1804,6552
h,harmony,1805,5876
h,harmony,1806,7062
h,harmony,1807,6556
h,harmony,1808,7446
h,harmony,1809,9046
h,harmony,1810,8154
h,harmony,1811,10176
h,harmony,1812,7664
h,harmony,1813,6804
h,harmony,1814,7502
h,harmony,1815,8388
h,harmony,1816,8412
h,harmony,1817,10208
h,harmony,1818,11170
h,harmony,1819,9666
h,harmony,1820,11698
h,harmony,1821,8617
h,harmony,1822,14720
h,harmony,1823,16100
h,harmony,1824,19626
h,harmony,1825,17690
h,harmony,1826,12532
h,harmony,1827,12340
h,harmony,1828,13722
h,harmony,1829,15664
h,harmony,1830,16830
h,harmony,1831,16018
h,harmony,1832,17882
h,harmony,1833,19440
h,harmony,1834,18170
h,harmony,1835,21362
h,harmony,1836,23468
h,harmony,1837,20662
h,harmony,1838,21056
h,harmony,1839,22722
h,harmony,1840,25384
h,harmony,1841,22988
h,harmony,1842,19982
h,harmony,1843,22838
h,harmony,1844,24672
h,harmony,1845,25916
h,harmony,1846,28638
h,harmony,1847,29142
h,harmony,1848,31788
h,harmony,1849,32208
h,harmony,1850,34126
h,harmony,1851,39268
h,harmony,1852,37490
h,harmony,1853,39780
h,harmony,1854,49382
h,harmony,1855,41332
h,harmony,1856,44734
h,harmony,1857,36612
h,harmony,1858,34570
h,harmony,1859,36976
h,harmony,1860,43616
h,harmony,1861,25060
h,harmony,1862,21238
h,harmony,1863,23938
h,harmony,1864,31356
h,harmony,1865,30622
h,harmony,1866,34350
h,harmony,1867,34724
h,harmony,1868,35016
h,harmony,1869,35070
h,harmony,1870,35732
h,harmony,1871,36964
h,harmony,1872,40208
h,harmony,1873,40144
h,harmony,1874,48000
h,harmony,1875,45444
h,harmony,1876,44724
h,harmony,1877,46168
h,harmony,1878,38878
h,harmony,1879,43804
h,harmony,1880,54192
h,harmony,1881,53940
h,harmony,1882,51210
h,harmony,1883,60186
h,harmony,1884,57384
h,harmony,1885,56716
h,harmony,1886,49548
h,harmony,1887,52698
h,harmony,1888,56296
h,harmony,1889,49126
h,harmony,1890,60262
h,harmony,1891,59338
h,harmony,1892,65702
h,harmony,1893,62032
h,harmony,1894,60512
h,harmony,1895,60814
h,harmony,1896,67030
h,harmony,1897,65282
h,harmony,1898,68192
h,harmony,1899,79208
h,harmony,1900,92882
h,harmony,1901,79206
h,harmony,1902,82330
h,harmony,1903,75888
h,harmony,1904,88492
h,harmony,1905,90894
h,harmony,1906,86516
h,harmony,1907,85062
h,harmony,1908,87740
h,harmony,1909,93556
h,harmony,1910,80250
h,harmony,1911,77616
h,harmony,1912,87446
h,harmony,1913,79560
h,harmony,1914,80400
h,harmony,1915,68948
h,harmony,1916,71950
h,harmony,1917,67468
h,harmony,1918,58877
h,harmony,1919,60298
h,harmony,1920,81132
h,harmony,1921,70692
h,harmony,1922,80610
h,harmony,1923,63646
h,harmony,1924,63910
h,harmony,1925,65346
h,harmony,1926,60202
h,harmony,1927,71674
h,harmony,1928,69332
h,harmony,1929,64140
h,harmony,1930,64802
h,harmony,1931,69708
h,harmony,1932,56760
h,harmony,1933,51606
h,harmony,1934,63316
h,harmony,1935,71102
h,harmony,1936,58886
h,harmony,1937,63600
h,harmony,1938,62556
h,harmony,1939,62924
h,harmony,1940,64566
h,harmony,1941,54324
h,harmony,1942,48458
h,harmony,1943,42514
h,harmony,1944,39360
h,harmony,1945,48852
h,harmony,1946,70778
h,harmony,1947,69886
h,harmony,1948,76230
h,harmony,1949,81476
h,harmony,1950,82568
h,harmony,1951,74530
h,harmony,1952,72282
h,harmony,1953,74136
h,harmony,1954,75452
h,harmony,1955,85668
h,harmony,1956,85726
h,harmony,1957,90484
h,harmony,1958,87642
h,harmony,1959,96081
h,harmony,1960,103962
h,harmony,1961,113780
h,harmony,1962,132216
h,harmony,1963,133334
h,harmony,1964,136422
h,harmony,1965,151354
h,harmony,1966,167350
h,harmony,1967,154204
h,harmony,1968,180574
h,harmony,1969,180422
h,harmony,1970,193032
h,harmony,1971,177250
h,harmony,1972,178374
h,harmony,1973,172024
h,harmony,1974,162416
h,harmony,1975,157821
h,harmony,1976,160248
h,harmony,1977,170040
h,harmony,1978,167424
h,harmony,1979,167320
h,harmony,1980,170104
h,harmony,1981,162760
h,harmony,1982,172137
h,harmony,1983,171116
h,harmony,1984,180884
h,harmony,1985,183602
h,harmony,1986,195366
h,harmony,1987,204485
h,harmony,1988,223034
h,harmony,1989,221577
h,harmony,1990,231261
h,harmony,1991,239089
h,harmony,1992,259030
h,harmony,1993,252923
h,harmony,1994,272256
h,harmony,1995,290245
h,harmony,1996,318692
h,harmony,1997,301056
h,harmony,1998,328136
h,harmony,1999,332494
h,harmony,2000,375369
h,harmony,2001,362677
h,harmony,2002,402943
h,harmony,2003,476616
h,harmony,2004,501599
h,harmony,2005,473788
h,harmony,2006,535040
h,harmony,2007,559763
h,harmony,2008,803941
h,hostility,1507,4
h,hostility,1515,2
h,hostility,1572,2
h,hostility,1575,2
h,hostility,1579,4
h,hostility,1581,2
h,hostility,1582,12
h,hostility,1584,2
h,hostility,1607,16
h,hostility,1620,4
h,hostility,1634,6
h,hostility,1635,14
h,hostility,1637,6
h,hostility,1638,4
h,hostility,1642,4
h,hostility,1643,2
h,hostility,1644,4
h,hostility,1645,4
h,hostility,1648,22
h,hostility,1649,8
h,hostility,1650,6
h,hostility,1651,64
h,hostility,1653,6
h,hostility,1655,28
h,hostility,1656,2
h,hostility,1657,6
h,hostility,1658,22
h,hostility,1659,10
h,hostility,1661,12
h,hostility,1662,8
h,hostility,1664,6
h,hostility,1665,4
h,hostility,1667,50
h,hostility,1668,50
h,hostility,1669,2
h,hostility,1670,2
h,hostility,1671,2
h,hostility,1672,30
h,hostility,1673,53
h,hostility,1675,42
h,hostility,1676,40
h,hostility,1677,20
h,hostility,1678,18
h,hostility,1679,10
h,hostility,1680,28
h,hostility,1681,52
h,hostility,1682,48
h,hostility,1683,78
h,hostility,1684,68
h,hostility,1685,22
h,hostility,1686,10
h,hostility,1687,16
h,hostility,1688,48
h,hostility,1689,14
h,hostility,1690,4
h,hostility,1691,8
h,hostility,1692,18
h,hostility,1693,18
h,hostility,1694,8
h,hostility,1695,8
h,hostility,1696,6
h,hostility,1697,24
h,hostility,1698,94
h,hostility,1699,18
h,hostility,1700,38
h,hostility,1701,20
h,hostility,1702,60
h,hostility,1703,52
h,hostility,1704,64
h,hostility,1705,48
h,hostility,1706,46
h,hostility,1707,98
h,hostility,1708,60
h,hostility,1709,28
h,hostility,1710,100
h,hostility,1711,124
h,hostility,1712,19
h,hostility,1713,30
h,hostility,1714,12
h,hostility,1715,72
h,hostility,1716,36
h,hostility,1717,32
h,hostility,1718,56
h,hostility,1719,66
h,hostility,1720,58
h,hostility,1721,28
h,hostility,1722,20
h,hostility,1723,68
h,hostility,1724,96
h,hostility,1725,92
h,hostility,1726,56
h,hostility,1727,88
h,hostility,1728,41
h,hostility,1729,62
h,hostility,1730,52
h,hostility,1731,102
h,hostility,1732,196
h,hostility,1733,38
h,hostility,1734,60
h,hostility,1735,218
h,hostility,1736,18
h,hostility,1737,24
h,hostility,1738,168
h,hostility,1739,138
h,hostility,1740,130
h,hostility,1741,32
h,hostility,1742,78
h,hostility,1743,60
h,hostility,1744,98
h,hostility,1745,16
h,hostility,1746,54
h,hostility,1747,112
h,hostility,1748,50
h,hostility,1749,42
h,hostility,1750,136
h,hostility,1751,120
h,hostility,1752,312
h,hostility,1753,198
h,hostility,1754,122
h,hostility,1755,168
h,hostility,1756,92
h,hostility,1757,128
h,hostility,1758,142
h,hostility,1759,222
h,hostility,1760,114
h,hostility,1761,226
h,hostility,1762,78
h,hostility,1763,352
h,hostility,1764,72
h,hostility,1765,64
h,hostility,1766,166
h,hostility,1767,180
h,hostility,1768,228
h,hostility,1769,162
h,hostility,1770,256
h,hostility,1771,78
h,hostility,1772,154
h,hostility,1773,194
h,hostility,1774,246
h,hostility,1775,250
h,hostility,1776,202
h,hostility,1777,284
h,hostility,1778,218
h,hostility,1779,294
h,hostility,1780,334
h,hostility,1781,236
h,hostility,1782,218
h,hostility,1783,184
h,hostility,1784,220
h,hostility,1785,294
h,hostility,1786,648
h,hostility,1787,870
h,hostility,1788,648
h,hostility,1789,634
h,hostility,1790,1026
h,hostility,1791,528
h,hostility,1792,832
h,hostility,1793,668
h,hostility,1794,514
h,hostility,1795,672
h,hostility,1796,766
h,hostility,1797,710
h,hostility,1798,732
h,hostility,1799,870
h,hostility,1800,1060
h,hostility,1801,2006
h,hostility,1802,2216
h,hostility,1803,2452
h,hostility,1804,2310
h,hostility,1805,2819
h,hostility,1806,3604
h,hostility,1807,4358
h,hostility,1808,3008
h,hostility,1809,2992
h,hostility,1810,3482
h,hostility,1811,3590
h,hostility,1812,3790
h,hostility,1813,3312
h,hostility,1814,3914
h,hostility,1815,3994
h,hostility,1816,4884
h,hostility,1817,6278
h,hostility,1818,6026
h,hostility,1819,4624
h,hostility,1820,7700
h,hostility,1821,5543
h,hostility,1822,8236
h,hostility,1823,7192
h,hostility,1824,7224
h,hostility,1825,9284
h,hostility,1826,8092
h,hostility,1827,8248
h,hostility,1828,9912
h,hostility,1829,9732
h,hostility,1830,9488
h,hostility,1831,9676
h,hostility,1832,11086
h,hostility,1833,10934
h,hostility,1834,9102
h,hostility,1835,13042
h,hostility,1836,16172
h,hostility,1837,12176
h,hostility,1838,12232
h,hostility,1839,13420
h,hostility,1840,16696
h,hostility,1841,14170
h,hostility,1842,12046
h,hostility,1843,14586
h,hostility,1844,14286
h,hostility,1845,14982
h,hostility,1846,17054
h,hostility,1847,14192
h,hostility,1848,17136
h,hostility,1849,18920
h,hostility,1850,17028
h,hostility,1851,18010
h,hostility,1852,18070
h,hostility,1853,21854
h,hostility,1854,24184
h,hostility,1855,21384
h,hostility,1856,22158
h,hostility,1857,18162
h,hostility,1858,18281
h,hostility,1859,18132
h,hostility,1860,20668
h,hostility,1861,16364
h,hostility,1862,12036
h,hostility,1863,14786
h,hostility,1864,17118
h,hostility,1865,14600
h,hostility,1866,18624
h,hostility,1867,15246
h,hostility,1868,17266
h,hostility,1869,13692
h,hostility,1870,14816
h,hostility,1871,13568
h,hostility,1872,14100
h,hostility,1873,14228
h,hostility,1874,15614
h,hostility,1875,19351
h,hostility,1876,15896
h,hostility,1877,19292
h,hostility,1878,16534
h,hostility,1879,14970
h,hostility,1880,21468
h,hostility,1881,20714
h,hostility,1882,21399
h,hostility,1883,22527
h,hostility,1884,23835
h,hostility,1885,23228
h,hostility,1886,20190
h,hostility,1887,21210
h,hostility,1888,20708
h,hostility,1889,19058
h,hostility,1890,21692
h,hostility,1891,18512
h,hostility,1892,21224
h,hostility,1893,21396
h,hostility,1894,21112
h,hostility,1895,22020
h,hostility,1896,25464
h,hostility,1897,24416
h,hostility,1898,26192
h,hostility,1899,30150
h,hostility,1900,32154
h,hostility,1901,28552
h,hostility,1902,30628
h,hostility,1903,29744
h,hostility,1904,33082
h,hostility,1905,31846
h,hostility,1906,31870
h,hostility,1907,30372
h,hostility,1908,30049
h,hostility,1909,26616
h,hostility,1910,30126
h,hostility,1911,25658
h,hostility,1912,30190
h,hostility,1913,28936
h,hostility,1914,32268
h,hostility,1915,29110
h,hostility,1916,26148
h,hostility,1917,25210
h,hostility,1918,24994
h,hostility,1919,28552
h,hostility,1920,31820
h,hostility,1921,28245
h,hostility,1922,31692
h,hostility,1923,24158
h,hostility,1924,22906
h,hostility,1925,23299
h,hostility,1926,21052
h,hostility,1927,27089
h,hostility,1928,27990
h,hostility,1929,26110
h,hostility,1930,28606
h,hostility,1931,26616
h,hostility,1932,25014
h,hostility,1933,22210
h,hostility,1934,26266
h,hostility,1935,26566
h,hostility,1936,27496
h,hostility,1937,26967
h,hostility,1938,27664
h,hostility,1939,30073
h,hostility,1940,25467
h,hostility,1941,24288
h,hostility,1942,21072
h,hostility,1943,19237
h,hostility,1944,18710
h,hostility,1945,21096
h,hostility,1946,28278
h,hostility,1947,35324
h,hostility,1948,36920
h,hostility,1949,47183
h,hostility,1950,47436
h,hostility,1951,44648
h,hostility,1952,46634
h,hostility,1953,45046
h,hostility,1954,57059
h,hostility,1955,55618
h,hostility,1956,54971
h,hostility,1957,60939
h,hostility,1958,63993
h,hostility,1959,61934
h,hostility,1960,75453
h,hostility,1961,87449
h,hostility,1962,93064
h,hostility,1963,101515
h,hostility,1964,105099
h,hostility,1965,110839
h,hostility,1966,120837
h,hostility,1967,130365
h,hostility,1968,142414
h,hostility,1969,147855
h,hostility,1970,155224
h,hostility,1971,152765
h,hostility,1972,153025
h,hostility,1973,143924
h,hostility,1974,141946
h,hostility,1975,133235
h,hostility,1976,136662
h,hostility,1977,131852
h,hostility,1978,130986
h,hostility,1979,139410
h,hostility,1980,131980
h,hostility,1981,130355
h,hostility,1982,137083
h,hostility,1983,131139
h,hostility,1984,133801
h,hostility,1985,138145
h,hostility,1986,148219
h,hostility,1987,146244
h,hostility,1988,154554
h,hostility,1989,156887
h,hostility,1990,164166
h,hostility,1991,157537
h,hostility,1992,175156
h,hostility,1993,172130
h,hostility,1994,187405
h,hostility,1995,184413
h,hostility,1996,199178
h,hostility,1997,189654
h,hostility,1998,205976
h,hostility,1999,215841
h,hostility,2000,232440
h,hostility,2001,225267
h,hostility,2002,245349
h,hostility,2003,256692
h,hostility,2004,278603
h,hostility,2005,260723
h,hostility,2006,290130
h,hostility,2007,298671
h,hostility,2008,351093
i,innovate,1515,2
i,innovate,1581,4
i,innovate,1641,2
i,innovate,1644,4
i,innovate,1647,2
i,innovate,1651,4
i,innovate,1658,4
i,innovate,1659,16
i,innovate,1667,6
i,innovate,1668,10
i,innovate,1669,2
i,innovate,1670,10
i,innovate,1673,2
i,innovate,1675,4
i,innovate,1676,26
i,innovate,1678,8
i,innovate,1679,4
i,innovate,1680,4
i,innovate,1681,12
i,innovate,1682,14
i,innovate,1683,10
i,innovate,1685,2
i,innovate,1688,4
i,innovate,1689,4
i,innovate,1692,4
i,innovate,1694,4
i,innovate,1695,8
i,innovate,1700,4
i,innovate,1701,14
i,innovate,1702,2
i,innovate,1703,4
i,innovate,1704,22
i,innovate,1705,10
i,innovate,1706,10
i,innovate,1707,8
i,innovate,1708,4
i,innovate,1709,2
i,innovate,1710,42
i,innovate,1711,8
i,innovate,1713,2
i,innovate,1714,28
i,innovate,1715,16
i,innovate,1716,4
i,innovate,1717,10
i,innovate,1718,10
i,innovate,1719,2
i,innovate,1720,90
i,innovate,1721,6
i,innovate,1722,4
i,innovate,1723,8
i,innovate,1724,4
i,innovate,1725,10
i,innovate,1726,16
i,innovate,1727,2
i,innovate,1728,2
i,innovate,1729,4
i,innovate,1730,6
i,innovate,1731,6
i,innovate,1732,6
i,innovate,1733,14
i,innovate,1734,16
i,innovate,1735,12
i,innovate,1736,2
i,innovate,1737,42
i,innovate,1738,10
i,innovate,1739,6
i,innovate,1740,8
i,innovate,1741,4
i,innovate,1742,32
i,innovate,1743,2
i,innovate,1744,4
i,innovate,1745,6
i,innovate,1746,2
i,innovate,1747,6
i,innovate,1748,8
i,innovate,1749,2
i,innovate,1750,4
i,innovate,1751,8
i,innovate,1752,28
i,innovate,1753,22
i,innovate,1754,12
i,innovate,1756,2
i,innovate,1757,6
i,innovate,1758,24
i,innovate,1759,38
i,innovate,1760,6
i,innovate,1761,8
i,innovate,1762,6
i,innovate,1763,32
i,innovate,1764,6
i,innovate,1765,4
i,innovate,1766,6
i,innovate,1767,10
i,innovate,1768,42
i,innovate,1769,10
i,innovate,1770,10
i,innovate,1771,50
i,innovate,1772,6
i,innovate,1773,26
i,innovate,1774,12
i,innovate,1775,24
i,innovate,1776,22
i,innovate,1777,10
i,innovate,1778,14
i,innovate,1779,10
i,innovate,1780,18
i,innovate,1781,4
i,innovate,1782,22
i,innovate,1783,16
i,innovate,1784,14
i,innovate,1785,18
i,innovate,1786,36
i,innovate,1787,24
i,innovate,1788,24
i,innovate,1789,82
i,innovate,1790,14
i,innovate,1791,22
i,innovate,1792,82
i,innovate,1793,44
i,innovate,1794,34
i,innovate,1795,4
i,innovate,1796,46
i,innovate,1797,36
i,innovate,1798,36
i,innovate,1799,20
i,innovate,1800,70
i,innovate,1801,56
i,innovate,1802,62
i,innovate,1803,96
i,innovate,1804,104
i,innovate,1805,66
i,innovate,1806,70
i,innovate,1807,130
i,innovate,1808,82
i,innovate,1809,94
i,innovate,1810,128
i,innovate,1811,196
i,innovate,1812,84
i,innovate,1813,168
i,innovate,1814,72
i,innovate,1815,158
i,innovate,1816,144
i,innovate,1817,104
i,innovate,1818,143
i,innovate,1819,158
i,innovate,1820,254
i,innovate,1821,128
i,innovate,1822,300
i,innovate,1823,170
i,innovate,1824,260
i,innovate,1825,238
i,innovate,1826,274
i,innovate,1827,284
i,innovate,1828,228
i,innovate,1829,252
i,innovate,1830,136
i,innovate,1831,164
i,innovate,1832,164
i,innovate,1833,120
i,innovate,1834,256
i,innovate,1835,207
i,innovate,1836,250
i,innovate,1837,232
i,innovate,1838,232
i,innovate,1839,452
i,innovate,1840,260
i,innovate,1841,714
i,innovate,1842,256
i,innovate,1843,322
i,innovate,1844,250
i,innovate,1845,198
i,innovate,1846,276
i,innovate,1847,204
i,innovate,1848,226
i,innovate,1849,238
i,innovate,1850,432
i,innovate,1851,258
i,innovate,1852,204
i,innovate,1853,320
i,innovate,1854,398
i,innovate,1855,238
i,innovate,1856,300
i,innovate,1857,182
i,innovate,1858,214
i,innovate,1859,184
i,innovate,1860,248
i,innovate,1861,192
i,innovate,1862,144
i,innovate,1863,162
i,innovate,1864,212
i,innovate,1865,178
i,innovate,1866,172
i,innovate,1867,160
i,innovate,1868,188
i,innovate,1869,200
i,innovate,1870,242
i,innovate,1871,194
i,innovate,1872,152
i,innovate,1873,244
i,innovate,1874,222
i,innovate,1875,184
i,innovate,1876,180
i,innovate,1877,156
i,innovate,1878,194
i,innovate,1879,200
i,innovate,1880,206
i,innovate,1881,210
i,innovate,1882,254
i,innovate,1883,282
i,innovate,1884,208
i,innovate,1885,178
i,innovate,1886,170
i,innovate,1887,144
i,innovate,1888,154
i,innovate,1889,152
i,innovate,1890,284
i,innovate,1891,204
i,innovate,1892,146
i,innovate,1893,138
i,innovate,1894,144
i,innovate,1895,210
i,innovate,1896,156
i,innovate,1897,184
i,innovate,1898,232
i,innovate,1899,288
i,innovate,1900,308
i,innovate,1901,310
i,innovate,1902,142
i,innovate,1903,172
i,innovate,1904,184
i,innovate,1905,148
i,innovate,1906,200
i,innovate,1907,168
i,innovate,1908,246
i,innovate,1909,197
i,innovate,1910,210
i,innovate,1911,178
i,innovate,1912,189
i,innovate,1913,170
i,innovate,1914,122
i,innovate,1915,96
i,innovate,1916,94
i,innovate,1917,124
i,innovate,1918,46
i,innovate,1919,86
i,innovate,1920,84
i,innovate,1921,134
i,innovate,1922,168
i,innovate,1923,110
i,innovate,1924,146
i,innovate,1925,168
i,innovate,1926,136
i,innovate,1927,138
i,innovate,1928,173
i,innovate,1929,126
i,innovate,1930,154
i,innovate,1931,162
i,innovate,1932,106
i,innovate,1933,72
i,innovate,1934,168
i,innovate,1935,164
i,innovate,1936,212
i,innovate,1937,158
i,innovate,1938,202
i,innovate,1939,210
i,innovate,1940,124
i,innovate,1941,144
i,innovate,1942,74
i,innovate,1943,94
i,innovate,1944,92
i,innovate,1945,178
i,innovate,1946,254
i,innovate,1947,206
i,innovate,1948,270
i,innovate,1949,286
i,innovate,1950,314
i,innovate,1951,300
i,innovate,1952,312
i,innovate,1953,526
i,innovate,1954,416
i,innovate,1955,436
i,innovate,1956,628
i,innovate,1957,542
i,innovate,1958,764
i,innovate,1959,904
i,innovate,1960,1048
i,innovate,1961,1343
i,innovate,1962,1313
i,innovate,1963,1646
i,innovate,1964,1999
i,innovate,1965,2338
i,innovate,1966,2784
i,innovate,1967,3846
i,innovate,1968,3783
i,innovate,1969,4594
i,innovate,1970,4922
i,innovate,1971,6006
i,innovate,1972,5579
i,innovate,1973,5565
i,innovate,1974,5394
i,innovate,1975,5513
i,innovate,1976,5268
i,innovate,1977,5206
i,innovate,1978,5448
i,innovate,1979,5724
i,innovate,1980,6381
i,innovate,1981,6078
i,innovate,1982,6532
i,innovate,1983,7199
i,innovate,1984,7595
i,innovate,1985,7416
i,innovate,1986,8305
i,innovate,1987,8740
i,innovate,1988,9532
i,innovate,1989,8980
i,innovate,1990,12912
i,innovate,1991,10120
i,innovate,1992,11205
i,innovate,1993,11646
i,innovate,1994,13303
i,innovate,1995,13546
i,innovate,1996,13941
i,innovate,1997,14402
i,innovate,1998,16622
i,innovate,1999,17622
i,innovate,2000,21274
i,innovate,2001,22470
i,innovate,2002,26362
i,innovate,2003,27871
i,innovate,2004,27610
i,innovate,2005,31567
i,innovate,2006,35323
i,innovate,2007,35713
i,innovate,2008,38407
i,invasion,1515,6
i,invasion,1524,28
i,invasion,1563,2
i,invasion,1568,2
i,invasion,1575,24
i,invasion,1579,8
i,invasion,1581,6
i,invasion,1584,4
i,invasion,1587,4
i,invasion,1589,2
i,invasion,1600,2
i,invasion,1607,4
i,invasion,1621,2
i,invasion,1628,2
i,invasion,1632,2
i,invasion,1634,6
i,invasion,1635,12
i,invasion,1637,16
i,invasion,1643,10
i,invasion,1644,32
i,invasion,1645,2
i,invasion,1647,4
i,invasion,1648,26
i,invasion,1649,4
i,invasion,1650,8
i,invasion,1651,20
i,invasion,1653,6
i,invasion,1654,4
i,invasion,1655,34
i,invasion,1657,12
i,invasion,1658,14
i,invasion,1659,2
i,invasion,1660,2
i,invasion,1661,18
i,invasion,1662,26
i,invasion,1663,8
i,invasion,1664,4
i,invasion,1665,14
i,invasion,1667,26
i,invasion,1668,52
i,invasion,1669,4
i,invasion,1670,22
i,invasion,1672,4
i,invasion,1673,70
i,invasion,1675,76
i,invasion,1676,52
i,invasion,1677,14
i,invasion,1678,38
i,invasion,1679,38
i,invasion,1680,28
i,invasion,1681,134
i,invasion,1682,218
i,invasion,1683,142
i,invasion,1684,26
i,invasion,1685,64
i,invasion,1686,32
i,invasion,1687,54
i,invasion,1688,72
i,invasion,1689,84
i,invasion,1690,22
i,invasion,1691,30
i,invasion,1692,42
i,invasion,1693,16
i,invasion,1694,36
i,invasion,1695,20
i,invasion,1696,22
i,invasion,1697,52
i,invasion,1698,60
i,invasion,1699,62
i,invasion,1700,114
i,invasion,1701,78
i,invasion,1702,102
i,invasion,1703,226
i,invasion,1704,164
i,invasion,1705,374
i,invasion,1706,464
i,invasion,1707,254
i,invasion,1708,192
i,invasion,1709,140
i,invasion,1710,140
i,invasion,1711,216
i,invasion,1712,118
i,invasion,1713,82
i,invasion,1714,168
i,invasion,1715,186
i,invasion,1716,72
i,invasion,1717,212
i,invasion,1718,86
i,invasion,1719,106
i,invasion,1720,288
i,invasion,1721,184
i,invasion,1722,86
i,invasion,1723,284
i,invasion,1724,298
i,invasion,1725,256
i,invasion,1726,310
i,invasion,1727,482
i,invasion,1728,374
i,invasion,1729,328
i,invasion,1730,144
i,invasion,1731,704
i,invasion,1732,242
i,invasion,1733,132
i,invasion,1734,512
i,invasion,1735,364
i,invasion,1736,108
i,invasion,1737,234
i,invasion,1738,222
i,invasion,1739,238
i,invasion,1740,368
i,invasion,1741,260
i,invasion,1742,366
i,invasion,1743,234
i,invasion,1744,628
i,invasion,1745,174
i,invasion,1746,326
i,invasion,1747,1148
i,invasion,1748,512
i,invasion,1749,224
i,invasion,1750,984
i,invasion,1751,798
i,invasion,1752,606
i,invasion,1753,596
i,invasion,1754,792
i,invasion,1755,534
i,invasion,1756,272
i,invasion,1757,564
i,invasion,1758,580
i,invasion,1759,1450
i,invasion,1760,530
i,invasion,1761,1170
i,invasion,1762,390
i,invasion,1763,1570
i,invasion,1764,938
i,invasion,1765,428
i,invasion,1766,852
i,invasion,1767,1020
i,invasion,1768,1006
i,invasion,1769,678
i,invasion,1770,1000
i,invasion,1771,1138
i,invasion,1772,732
i,invasion,1773,1994
i,invasion,1774,998
i,invasion,1775,1794
i,invasion,1776,1164
i,invasion,1777,1020
i,invasion,1778,1292
i,invasion,1779,1180
i,invasion,1780,654
i,invasion,1781,1186
i,invasion,1782,984
i,invasion,1783,970
i,invasion,1784,914
i,invasion,1785,1250
i,invasion,1786,2128
i,invasion,1787,2598
i,invasion,1788,3150
i,invasion,1789,4530
i,invasion,1790,2272
i,invasion,1791,1744
i,invasion,1792,1872
i,invasion,1793,2542
i,invasion,1794,2102
i,invasion,1795,2298
i,invasion,1796,2868
i,invasion,1797,1912
i,invasion,1798,2668
i,invasion,1799,1996
i,invasion,1800,3480
i,invasion,1801,4655
i,invasion,1802,6338
i,invasion,1803,5543
i,invasion,1804,8986
i,invasion,1805,8224
i,invasion,1806,6602
i,invasion,1807,7534
i,invasion,1808,5810
i,invasion,1809,5636
i,invasion,1810,8585
i,invasion,1811,8909
i,invasion,1812,8886
i,invasion,1813,7290
i,invasion,1814,10310
i,invasion,1815,8710
i,invasion,1816,8282
i,invasion,1817,9844
i,invasion,1818,12642
i,invasion,1819,7766
i,invasion,1820,14054
i,invasion,1821,8528
i,invasion,1822,13304
i,invasion,1823,13728
i,invasion,1824,12930
i,invasion,1825,16023
i,invasion,1826,14178
i,invasion,1827,15772
i,invasion,1828,14614
i,invasion,1829,17392
i,invasion,1830,15006
i,invasion,1831,15504
i,invasion,1832,14246
i,invasion,1833,12645
i,invasion,1834,15000
i,invasion,1835,17645
i,invasion,1836,21473
i,invasion,1837,15457
i,invasion,1838,19542
i,invasion,1839,19322
i,invasion,1840,23500
i,invasion,1841,23106
i,invasion,1842,16751
i,invasion,1843,17204
i,invasion,1844,20098
i,invasion,1845,24018
i,invasion,1846,27304
i,invasion,1847,23664
i,invasion,1848,26192
i,invasion,1849,26052
i,invasion,1850,27322
i,invasion,1851,28868
i,invasion,1852,28816
i,invasion,1853,30542
i,invasion,1854,40026
i,invasion,1855,31568
i,invasion,1856,36228
i,invasion,1857,28448
i,invasion,1858,28672
i,invasion,1859,28776
i,invasion,1860,31826
i,invasion,1861,27676
i,invasion,1862,22468
i,invasion,1863,21424
i,invasion,1864,28110
i,invasion,1865,25906
i,invasion,1866,29588
i,invasion,1867,28758
i,invasion,1868,26002
i,invasion,1869,26656
i,invasion,1870,26998
i,invasion,1871,23530
i,invasion,1872,22992
i,invasion,1873,24396
i,invasion,1874,29032
i,invasion,1875,30716
i,invasion,1876,30171
i,invasion,1877,34938
i,invasion,1878,29126
i,invasion,1879,28358
i,invasion,1880,39616
i,invasion,1881,39376
i,invasion,1882,38686
i,invasion,1883,36463
i,invasion,1884,35828
i,invasion,1885,38917
i,invasion,1886,31316
i,invasion,1887,35602
i,invasion,1888,33072
i,invasion,1889,31630
i,invasion,1890,38352
i,invasion,1891,34903
i,invasion,1892,43291
i,invasion,1893,37810
i,invasion,1894,38403
i,invasion,1895,44938
i,invasion,1896,45530
i,invasion,1897,45160
i,invasion,1898,47852
i,invasion,1899,58638
i,invasion,1900,61602
i,invasion,1901,54586
i,invasion,1902,55219
i,invasion,1903,54588
i,invasion,1904,59486
i,invasion,1905,61244
i,invasion,1906,60248
i,invasion,1907,63890
i,invasion,1908,58374
i,invasion,1909,51690
i,invasion,1910,55478
i,invasion,1911,54908
i,invasion,1912,53504
i,invasion,1913,52474
i,invasion,1914,54669
i,invasion,1915,64920
i,invasion,1916,60096
i,invasion,1917,47950
i,invasion,1918,43640
i,invasion,1919,50568
i,invasion,1920,54818
i,invasion,1921,46978
i,invasion,1922,47229
i,invasion,1923,43414
i,invasion,1924,36352
i,invasion,1925,36694
i,invasion,1926,36608
i,invasion,1927,40707
i,invasion,1928,42518
i,invasion,1929,38578
i,invasion,1930,42730
i,invasion,1931,41988
i,invasion,1932,36490
i,invasion,1933,32364
i,invasion,1934,43520
i,invasion,1935,40710
i,invasion,1936,44014
i,invasion,1937,44798
i,invasion,1938,46574
i,invasion,1939,55716
i,invasion,1940,57152
i,invasion,1941,63042
i,invasion,1942,60738
i,invasion,1943,66476
i,invasion,1944,57937
i,invasion,1945,53570
i,invasion,1946,72188
i,invasion,1947,65486
i,invasion,1948,77318
i,invasion,1949,72706
i,invasion,1950,70104
i,invasion,1951,76290
i,invasion,1952,79040
i,invasion,1953,68934
i,invasion,1954,77173
i,invasion,1955,70474
i,invasion,1956,74165
i,invasion,1957,91188
i,invasion,1958,88910
i,invasion,1959,88380
i,invasion,1960,103914
i,invasion,1961,105433
i,invasion,1962,140155
i,invasion,1963,134812
i,invasion,1964,135402
i,invasion,1965,153274
i,invasion,1966,162616
i,invasion,1967,167778
i,invasion,1968,181564
i,invasion,1969,187878
i,invasion,1970,196416
i,invasion,1971,183056
i,invasion,1972,179032
i,invasion,1973,167142
i,invasion,1974,162882
i,invasion,1975,158293
i,invasion,1976,161324
i,invasion,1977,164980
i,invasion,1978,171112
i,invasion,1979,187524
i,invasion,1980,184432
i,invasion,1981,186746
i,invasion,1982,199237
i,invasion,1983,203114
i,invasion,1984,234488
i,invasion,1985,234268
i,invasion,1986,240737
i,invasion,1987,242492
i,invasion,1988,252434
i,invasion,1989,264452
i,invasion,1990,282949
i,invasion,1991,303668
i,invasion,1992,293998
i,invasion,1993,289901
i,invasion,1994,313500
i,invasion,1995,317898
i,invasion,1996,324996
i,invasion,1997,337093
i,invasion,1998,349844
i,invasion,1999,379280
i,invasion,2000,417024
i,invasion,2001,428556
i,invasion,2002,482140
i,invasion,2003,492798
i,invasion,2004,573923
i,invasion,2005,557473
i,invasion,2006,601607
i,invasion,2007,642612
i,invasion,2008,730046
p,peace,1507,4
p,peace,1515,42
p,peace,1520,14
p,peace,1524,96
p,peace,1563,86
p,peace,1564,2
p,peace,1568,42
p,peace,1572,28
p,peace,1574,4
p,peace,1575,88
p,peace,1579,142
p,peace,1581,216
p,peace,1582,376
p,peace,1584,20
p,peace,1587,80
p,peace,1588,42
p,peace,1589,8
p,peace,1590,80
p,peace,1592,12
p,peace,1593,20
p,peace,1597,4
p,peace,1598,44
p,peace,1603,40
p,peace,1606,18
p,peace,1607,180
p,peace,1610,2
p,peace,1611,10
p,peace,1612,88
p,peace,1614,4
p,peace,1618,8
p,peace,1619,12
p,peace,1620,106
p,peace,1621,20
p,peace,1624,90
p,peace,1625,22
p,peace,1626,10
p,peace,1628,8
p,peace,1629,58
p,peace,1630,34
p,peace,1631,32
p,peace,1632,12
p,peace,1634,18
p,peace,1635,84
p,peace,1636,16
p,peace,1637,324
p,peace,1638,54
p,peace,1640,28
p,peace,1641,22
p,peace,1642,22
p,peace,1643,110
p,peace,1644,308
p,peace,1645,136
p,peace,1646,66
p,peace,1647,144
p,peace,1648,1082
p,peace,1649,344
p,peace,1650,172
p,peace,1651,498
p,peace,1652,140
p,peace,1653,270
p,peace,1654,24
p,peace,1655,372
p,peace,1656,298
p,peace,1657,178
p,peace,1658,224
p,peace,1659,622
p,peace,1660,196
p,peace,1661,138
p,peace,1662,130
p,peace,1663,34
p,peace,1664,36
p,peace,1665,102
p,peace,1666,10
p,peace,1667,546
p,peace,1668,810
p,peace,1669,230
p,peace,1670,500
p,peace,1671,54
p,peace,1672,88
p,peace,1673,1310
p,peace,1674,16
p,peace,1675,1282
p,peace,1676,1420
p,peace,1677,96
p,peace,1678,1647
p,peace,1679,652
p,peace,1680,1826
p,peace,1681,2088
p,peace,1682,1788
p,peace,1683,2794
p,peace,1684,640
p,peace,1685,1684
p,peace,1686,500
p,peace,1687,232
p,peace,1688,1712
p,peace,1689,548
p,peace,1690,376
p,peace,1691,230
p,peace,1692,1498
p,peace,1693,514
p,peace,1694,996
p,peace,1695,248
p,peace,1696,248
p,peace,1697,892
p,peace,1698,1778
p,peace,1699,1398
p,peace,1700,2264
p,peace,1701,1960
p,peace,1702,2886
p,peace,1703,3574
p,peace,1704,3294
p,peace,1705,2770
p,peace,1706,3982
p,peace,1707,4326
p,peace,1708,3130
p,peace,1709,3232
p,peace,1710,3974
p,peace,1711,6888
p,peace,1712,2490
p,peace,1713,1698
p,peace,1714,4340
p,peace,1715,5725
p,peace,1716,4042
p,peace,1717,3424
p,peace,1718,1676
p,peace,1719,1826
p,peace,1720,5886
p,peace,1721,3977
p,peace,1722,3574
p,peace,1723,3648
p,peace,1724,4164
p,peace,1725,3860
p,peace,1726,3752
p,peace,1727,5232
p,peace,1728,5466
p,peace,1729,6698
p,peace,1730,6120
p,peace,1731,10850
p,peace,1732,6188
p,peace,1733,2752
p,peace,1734,5378
p,peace,1735,5156
p,peace,1736,3616
p,peace,1737,5198
p,peace,1738,6436
p,peace,1739,5948
p,peace,1740,10702
p,peace,1741,3942
p,peace,1742,5386
p,peace,1743,4328
p,peace,1744,7314
p,peace,1745,3010
p,peace,1746,3384
p,peace,1747,11376
p,peace,1748,6710
p,peace,1749,5144
p,peace,1750,11372
p,peace,1751,9446
p,peace,1752,9944
p,peace,1753,9783
p,peace,1754,12734
p,peace,1755,10401
p,peace,1756,4174
p,peace,1757,8472
p,peace,1758,12159
p,peace,1759,11606
p,peace,1760,7940
p,peace,1761,16760
p,peace,1762,7260
p,peace,1763,16001
p,peace,1764,11525
p,peace,1765,7130
p,peace,1766,14364
p,peace,1767,7750
p,peace,1768,14694
p,peace,1769,10944
p,peace,1770,12318
p,peace,1771,12320
p,peace,1772,9874
p,peace,1773,9788
p,peace,1774,9244
p,peace,1775,11713
p,peace,1776,8857
p,peace,1777,9472
p,peace,1778,9970
p,peace,1779,11036
p,peace,1780,8048
p,peace,1781,9034
p,peace,1782,11441
p,peace,1783,9494
p,peace,1784,11850
p,peace,1785,9176
p,peace,1786,11574
p,peace,1787,20984
p,peace,1788,21310
p,peace,1789,18890
p,peace,1790,19638
p,peace,1791,16631
p,peace,1792,21677
p,peace,1793,19579
p,peace,1794,21804
p,peace,1795,23848
p,peace,1796,24996
p,peace,1797,24598
p,peace,1798,24684
p,peace,1799,18295
p,peace,1800,30114
p,peace,1801,50602
p,peace,1802,54387
p,peace,1803,47381
p,peace,1804,55621
p,peace,1805,58755
p,peace,1806,60653
p,peace,1807,56914
p,peace,1808,66196
p,peace,1809,61586
p,peace,1810,83397
p,peace,1811,80128
p,peace,1812,80592
p,peace,1813,65315
p,peace,1814,99249
p,peace,1815,83708
p,peace,1816,74888
p,peace,1817,93617
p,peace,1818,105055
p,peace,1819,75666
p,peace,1820,112986
p,peace,1821,76610
p,peace,1822,118946
p,peace,1823,111724
p,peace,1824,124151
p,peace,1825,126419
p,peace,1826,110285
p,peace,1827,112465
p,peace,1828,137260
p,peace,1829,135462
p,peace,1830,147198
p,peace,1831,118232
p,peace,1832,126634
p,peace,1833,125502
p,peace,1834,118613
p,peace,1835,146552
p,peace,1836,167622
p,peace,1837,131346
p,peace,1838,132194
p,peace,1839,170770
p,peace,1840,179428
p,peace,1841,163460
p,peace,1842,138400
p,peace,1843,153358
p,peace,1844,182755
p,peace,1845,188352
p,peace,1846,190331
p,peace,1847,195708
p,peace,1848,182681
p,peace,1849,183524
p,peace,1850,194393
p,peace,1851,225010
p,peace,1852,222513
p,peace,1853,247209
p,peace,1854,277918
p,peace,1855,234049
p,peace,1856,263591
p,peace,1857,207122
p,peace,1858,208194
p,peace,1859,213220
p,peace,1860,210532
p,peace,1861,179777
p,peace,1862,147947
p,peace,1863,160132
p,peace,1864,196830
p,peace,1865,181884
p,peace,1866,194245
p,peace,1867,184782
p,peace,1868,174805
p,peace,1869,184908
p,peace,1870,178131
p,peace,1871,184361
p,peace,1872,183454
p,peace,1873,178161
p,peace,1874,204740
p,peace,1875,213836
p,peace,1876,201818
p,peace,1877,245362
p,peace,1878,194348
p,peace,1879,212667
p,peace,1880,260467
p,peace,1881,244102
p,peace,1882,263058
p,peace,1883,269648
p,peace,1884,284973
p,peace,1885,260742
p,peace,1886,220593
p,peace,1887,247641
p,peace,1888,251339
p,peace,1889,236051
p,peace,1890,244223
p,peace,1891,255306
p,peace,1892,258256
p,peace,1893,245504
p,peace,1894,261090
p,peace,1895,275426
p,peace,1896,287928
p,peace,1897,274496
p,peace,1898,341324
p,peace,1899,383211
p,peace,1900,415736
p,peace,1901,373079
p,peace,1902,381901
p,peace,1903,355893
p,peace,1904,417027
p,peace,1905,406457
p,peace,1906,403912
p,peace,1907,373244
p,peace,1908,381043
p,peace,1909,331324
p,peace,1910,369739
p,peace,1911,320891
p,peace,1912,363527
p,peace,1913,332540
p,peace,1914,365814
p,peace,1915,416248
p,peace,1916,417761
p,peace,1917,410181
p,peace,1918,448188
p,peace,1919,494168
p,peace,1920,474763
p,peace,1921,403762
p,peace,1922,430471
p,peace,1923,345265
p,peace,1924,310370
p,peace,1925,315814
p,peace,1926,269548
p,peace,1927,335623
p,peace,1928,346887
p,peace,1929,341184
p,peace,1930,368807
p,peace,1931,359802
p,peace,1932,294126
p,peace,1933,272096
p,peace,1934,337490
p,peace,1935,361477
p,peace,1936,380008
p,peace,1937,361359
p,peace,1938,392620
p,peace,1939,409012
p,peace,1940,407071
p,peace,1941,336474
p,peace,1942,332490
p,peace,1943,344941
p,peace,1944,341396
p,peace,1945,335249
p,peace,1946,376897
p,peace,1947,412692
p,peace,1948,410474
p,peace,1949,407457
p,peace,1950,455797
p,peace,1951,420644
p,peace,1952,455462
p,peace,1953,401580
p,peace,1954,435532
p,peace,1955,435748
p,peace,1956,443102
p,peace,1957,473171
p,peace,1958,489262
p,peace,1959,476905
p,peace,1960,578760
p,peace,1961,632286
p,peace,1962,684599
p,peace,1963,771872
p,peace,1964,758355
p,peace,1965,866367
p,peace,1966,918563
p,peace,1967,962689
p,peace,1968,1040204
p,peace,1969,1045923
p,peace,1970,1039255
p,peace,1971,963072
p,peace,1972,973048
p,peace,1973,898651
p,peace,1974,835891
p,peace,1975,815964
p,peace,1976,826535
p,peace,1977,766645
p,peace,1978,819861
p,peace,1979,825650
p,peace,1980,810349
p,peace,1981,855298
p,peace,1982,816689
p,peace,1983,879641
p,peace,1984,950122
p,peace,1985,1004243
p,peace,1986,1039219
p,peace,1987,1090938
p,peace,1988,1099528
p,peace,1989,1127560
p,peace,1990,1169842
p,peace,1991,1209760
p,peace,1992,1232468
p,peace,1993,1246265
p,peace,1994,1280906
p,peace,1995,1378104
p,peace,1996,1481020
p,peace,1997,1485749
p,peace,1998,1527215
p,peace,1999,1647747
p,peace,2000,1923403
p,peace,2001,1917690
p,peace,2002,2098732
p,peace,2003,2382257
p,peace,2004,2639053
p,peace,2005,2579988
p,peace,2006,2803221
p,peace,2007,3159631
p,peace,2008,4386690
r,reconciliation,1515,8
r,reconciliation,1524,10
r,reconciliation,1564,6
r,reconciliation,1579,4
r,reconciliation,1581,18
r,reconciliation,1587,28
r,reconciliation,1592,2
r,reconciliation,1600,30
r,reconciliation,1607,10
r,reconciliation,1620,16
r,reconciliation,1629,2
r,reconciliation,1635,8
r,reconciliation,1637,12
r,reconciliation,1638,4
r,reconciliation,1640,2
r,reconciliation,1642,10
r,reconciliation,1644,38
r,reconciliation,1645,4
r,reconciliation,1647,28
r,reconciliation,1648,82
r,reconciliation,1649,2
r,reconciliation,1651,8
r,reconciliation,1652,26
r,reconciliation,1653,10
r,reconciliation,1654,2
r,reconciliation,1655,16
r,reconciliation,1656,6
r,reconciliation,1657,2
r,reconciliation,1658,8
r,reconciliation,1659,22
r,reconciliation,1660,16
r,reconciliation,1662,4
r,reconciliation,1663,2
r,reconciliation,1667,8
r,reconciliation,1668,48
r,reconciliation,1670,48
r,reconciliation,1671,2
r,reconciliation,1672,4
r,reconciliation,1673,22
r,reconciliation,1675,21
r,reconciliation,1676,60
r,reconciliation,1677,8
r,reconciliation,1678,122
r,reconciliation,1679,32
r,reconciliation,1680,4
r,reconciliation,1681,114
r,reconciliation,1682,68
r,reconciliation,1683,108
r,reconciliation,1684,74
r,reconciliation,1685,84
r,reconciliation,1686,26
r,reconciliation,1687,18
r,reconciliation,1688,42
r,reconciliation,1689,12
r,reconciliation,1690,12
r,reconciliation,1691,4
r,reconciliation,1692,66
r,reconciliation,1693,16
r,reconciliation,1694,58
r,reconciliation,1695,22
r,reconciliation,1696,12
r,reconciliation,1697,10
r,reconciliation,1698,104
r,reconciliation,1699,104
r,reconciliation,1700,184
r,reconciliation,1701,100
r,reconciliation,1702,74
r,reconciliation,1703,152
r,reconciliation,1704,120
r,reconciliation,1705,66
r,reconciliation,1706,192
r,reconciliation,1707,184
r,reconciliation,1708,220
r,reconciliation,1709,40
r,reconciliation,1710,98
r,reconciliation,1711,146
r,reconciliation,1712,140
r,reconciliation,1713,146
r,reconciliation,1714,118
r,reconciliation,1715,220
r,reconciliation,1716,184
r,reconciliation,1717,180
r,reconciliation,1718,158
r,reconciliation,1719,82
r,reconciliation,1720,188
r,reconciliation,1721,174
r,reconciliation,1722,198
r,reconciliation,1723,156
r,reconciliation,1724,150
r,reconciliation,1725,172
r,reconciliation,1726,346
r,reconciliation,1727,182
r,reconciliation,1728,260
r,reconciliation,1729,428
r,reconciliation,1730,408
r,reconciliation,1731,248
r,reconciliation,1732,388
r,reconciliation,1733,156
r,reconciliation,1734,160
r,reconciliation,1735,176
r,reconciliation,1736,602
r,reconciliation,1737,442
r,reconciliation,1738,418
r,reconciliation,1739,224
r,reconciliation,1740,520
r,reconciliation,1741,178
r,reconciliation,1742,200
r,reconciliation,1743,206
r,reconciliation,1744,328
r,reconciliation,1745,166
r,reconciliation,1746,192
r,reconciliation,1747,410
r,reconciliation,1748,268
r,reconciliation,1749,246
r,reconciliation,1750,558
r,reconciliation,1751,798
r,reconciliation,1752,242
r,reconciliation,1753,462
r,reconciliation,1754,508
r,reconciliation,1755,450
r,reconciliation,1756,186
r,reconciliation,1757,240
r,reconciliation,1758,450
r,reconciliation,1759,484
r,reconciliation,1760,274
r,reconciliation,1761,790
r,reconciliation,1762,336
r,reconciliation,1763,664
r,reconciliation,1764,572
r,reconciliation,1765,382
r,reconciliation,1766,684
r,reconciliation,1767,616
r,reconciliation,1768,612
r,reconciliation,1769,468
r,reconciliation,1770,538
r,reconciliation,1771,294
r,reconciliation,1772,414
r,reconciliation,1773,724
r,reconciliation,1774,304
r,reconciliation,1775,528
r,reconciliation,1776,494
r,reconciliation,1777,680
r,reconciliation,1778,472
r,reconciliation,1779,426
r,reconciliation,1780,672
r,reconciliation,1781,488
r,reconciliation,1782,614
r,reconciliation,1783,444
r,reconciliation,1784,516
r,reconciliation,1785,544
r,reconciliation,1786,940
r,reconciliation,1787,746
r,reconciliation,1788,976
r,reconciliation,1789,988
r,reconciliation,1790,958
r,reconciliation,1791,772
r,reconciliation,1792,1274
r,reconciliation,1793,812
r,reconciliation,1794,652
r,reconciliation,1795,1046
r,reconciliation,1796,1622
r,reconciliation,1797,972
r,reconciliation,1798,1078
r,reconciliation,1799,1240
r,reconciliation,1800,1732
r,reconciliation,1801,2018
r,reconciliation,1802,2836
r,reconciliation,1803,2158
r,reconciliation,1804,3166
r,reconciliation,1805,3098
r,reconciliation,1806,2726
r,reconciliation,1807,2306
r,reconciliation,1808,2174
r,reconciliation,1809,2222
r,reconciliation,1810,3806
r,reconciliation,1811,4840
r,reconciliation,1812,3936
r,reconciliation,1813,3820
r,reconciliation,1814,3356
r,reconciliation,1815,4368
r,reconciliation,1816,3760
r,reconciliation,1817,4484
r,reconciliation,1818,5806
r,reconciliation,1819,3828
r,reconciliation,1820,5634
r,reconciliation,1821,4092
r,reconciliation,1822,6082
r,reconciliation,1823,6298
r,reconciliation,1824,7068
r,reconciliation,1825,9308
r,reconciliation,1826,7936
r,reconciliation,1827,6660
r,reconciliation,1828,6848
r,reconciliation,1829,7028
r,reconciliation,1830,8646
r,reconciliation,1831,7568
r,reconciliation,1832,8392
r,reconciliation,1833,7754
r,reconciliation,1834,7372
r,reconciliation,1835,7146
r,reconciliation,1836,8858
r,reconciliation,1837,7780
r,reconciliation,1838,7078
r,reconciliation,1839,12796
r,reconciliation,1840,11912
r,reconciliation,1841,8626
r,reconciliation,1842,9384
r,reconciliation,1843,8588
r,reconciliation,1844,10438
r,reconciliation,1845,10494
r,reconciliation,1846,10876
r,reconciliation,1847,12210
r,reconciliation,1848,11356
r,reconciliation,1849,13474
r,reconciliation,1850,11322
r,reconciliation,1851,13376
r,reconciliation,1852,12856
r,reconciliation,1853,13782
r,reconciliation,1854,16854
r,reconciliation,1855,13010
r,reconciliation,1856,16188
r,reconciliation,1857,11860
r,reconciliation,1858,12092
r,reconciliation,1859,12010
r,reconciliation,1860,13830
r,reconciliation,1861,11078
r,reconciliation,1862,7638
r,reconciliation,1863,8228
r,reconciliation,1864,10472
r,reconciliation,1865,11798
r,reconciliation,1866,11888
r,reconciliation,1867,11320
r,reconciliation,1868,9566
r,reconciliation,1869,10304
r,reconciliation,1870,12470
r,reconciliation,1871,10268
r,reconciliation,1872,13936
r,reconciliation,1873,11282
r,reconciliation,1874,12856
r,reconciliation,1875,14304
r,reconciliation,1876,12888
r,reconciliation,1877,14342
r,reconciliation,1878,11610
r,reconciliation,1879,11788
r,reconciliation,1880,14464
r,reconciliation,1881,14460
r,reconciliation,1882,16880
r,reconciliation,1883,18222
r,reconciliation,1884,15500
r,reconciliation,1885,15396
r,reconciliation,1886,12672
r,reconciliation,1887,13432
r,reconciliation,1888,14276
r,reconciliation,1889,12530
r,reconciliation,1890,13746
r,reconciliation,1891,13974
r,reconciliation,1892,15532
r,reconciliation,1893,14128
r,reconciliation,1894,15102
r,reconciliation,1895,15238
r,reconciliation,1896,19008
r,reconciliation,1897,15768
r,reconciliation,1898,16914
r,reconciliation,1899,20762
r,reconciliation,1900,23211
r,reconciliation,1901,21430
r,reconciliation,1902,23244
r,reconciliation,1903,18129
r,reconciliation,1904,19220
r,reconciliation,1905,21166
r,reconciliation,1906,23518
r,reconciliation,1907,22088
r,reconciliation,1908,20460
r,reconciliation,1909,17178
r,reconciliation,1910,19120
r,reconciliation,1911,16680
r,reconciliation,1912,16618
r,reconciliation,1913,15500
r,reconciliation,1914,14624
r,reconciliation,1915,13482
r,reconciliation,1916,12992
r,reconciliation,1917,12726
r,reconciliation,1918,13014
r,reconciliation,1919,12910
r,reconciliation,1920,16698
r,reconciliation,1921,14736
r,reconciliation,1922,16154
r,reconciliation,1923,14046
r,reconciliation,1924,13934
r,reconciliation,1925,13478
r,reconciliation,1926,12056
r,reconciliation,1927,14484
r,reconciliation,1928,14438
r,reconciliation,1929,14434
r,reconciliation,1930,15490
r,reconciliation,1931,14648
r,reconciliation,1932,14610
r,reconciliation,1933,10376
r,reconciliation,1934,14190
r,reconciliation,1935,14581
r,reconciliation,1936,15172
r,reconciliation,1937,15048
r,reconciliation,1938,15034
r,reconciliation,1939,14060
r,reconciliation,1940,13290
r,reconciliation,1941,11476
r,reconciliation,1942,11120
r,reconciliation,1943,9098
r,reconciliation,1944,7832
r,reconciliation,1945,10086
r,reconciliation,1946,13024
r,reconciliation,1947,16878
r,reconciliation,1948,15906
r,reconciliation,1949,18828
r,reconciliation,1950,20142
r,reconciliation,1951,18754
r,reconciliation,1952,19922
r,reconciliation,1953,20172
r,reconciliation,1954,19824
r,reconciliation,1955,23338
r,reconciliation,1956,28109
r,reconciliation,1957,27036
r,reconciliation,1958,26816
r,reconciliation,1959,27510
r,reconciliation,1960,33142
r,reconciliation,1961,37036
r,reconciliation,1962,41008
r,reconciliation,1963,41688
r,reconciliation,1964,42602
r,reconciliation,1965,52516
r,reconciliation,1966,55447
r,reconciliation,1967,55858
r,reconciliation,1968,61610
r,reconciliation,1969,60496
r,reconciliation,1970,64566
r,reconciliation,1971,60026
r,reconciliation,1972,60044
r,reconciliation,1973,55890
r,reconciliation,1974,58152
r,reconciliation,1975,56418
r,reconciliation,1976,56498
r,reconciliation,1977,58296
r,reconciliation,1978,61514
r,reconciliation,1979,60296
r,reconciliation,1980,60750
r,reconciliation,1981,64537
r,reconciliation,1982,73196
r,reconciliation,1983,70082
r,reconciliation,1984,76219
r,reconciliation,1985,81918
r,reconciliation,1986,87901
r,reconciliation,1987,92574
r,reconciliation,1988,94916
r,reconciliation,1989,101158
r,reconciliation,1990,110195
r,reconciliation,1991,109824
r,reconciliation,1992,116560
r,reconciliation,1993,122015
r,reconciliation,1994,132768
r,reconciliation,1995,136098
r,reconciliation,1996,151836
r,reconciliation,1997,154377
r,reconciliation,1998,173727
r,reconciliation,1999,182446
r,reconciliation,2000,211925
r,reconciliation,2001,233763
r,reconciliation,2002,234599
r,reconciliation,2003,270855
r,reconciliation,2004,293790
r,reconciliation,2005,293925
r,reconciliation,2006,324080
r,reconciliation,2007,340583
r,reconciliation,2008,394067
s,strike,1507,2
s,strike,1515,34
s,strike,1524,2
s,strike,1563,8
s,strike,1568,4
s,strike,1572,2
s,strike,1574,2
s,strike,1575,14
s,strike,1579,2
s,strike,1581,14
s,strike,1582,10
s,strike,1584,4
s,strike,1587,8
s,strike,1588,2
s,strike,1590,8
s,strike,1592,10
s,strike,1593,4
s,strike,1594,4
s,strike,1597,2
s,strike,1598,8
s,strike,1600,38
s,strike,1603,8
s,strike,1605,2
s,strike,1606,54
s,strike,1607,2
s,strike,1619,12
s,strike,1620,24
s,strike,1621,6
s,strike,1623,8
s,strike,1624,2
s,strike,1625,2
s,strike,1626,2
s,strike,1629,14
s,strike,1630,2
s,strike,1631,2
s,strike,1634,18
s,strike,1635,4
s,strike,1637,10
s,strike,1638,6
s,strike,1640,10
s,strike,1641,2
s,strike,1642,10
s,strike,1643,6
s,strike,1644,50
s,strike,1645,52
s,strike,1647,22
s,strike,1648,22
s,strike,1649,6
s,strike,1650,2
s,strike,1651,8
s,strike,1652,6
s,strike,1653,34
s,strike,1654,4
s,strike,1655,6
s,strike,1656,22
s,strike,1657,20
s,strike,1658,36
s,strike,1659,12
s,strike,1660,14
s,strike,1661,12
s,strike,1662,6
s,strike,1663,6
s,strike,1664,10
s,strike,1665,2
s,strike,1666,2
s,strike,1667,40
s,strike,1668,36
s,strike,1669,10
s,strike,1670,14
s,strike,1671,6
s,strike,1672,6
s,strike,1673,24
s,strike,1674,12
s,strike,1675,64
s,strike,1676,76
s,strike,1677,12
s,strike,1678,76
s,strike,1679,24
s,strike,1680,24
s,strike,1681,102
s,strike,1682,56
s,strike,1683,64
s,strike,1684,106
s,strike,1685,124
s,strike,1686,50
s,strike,1687,10
s,strike,1688,78
s,strike,1689,34
s,strike,1690,14
s,strike,1691,6
s,strike,1692,56
s,strike,1693,66
s,strike,1694,90
s,strike,1695,38
s,strike,1696,16
s,strike,1697,16
s,strike,1698,128
s,strike,1699,104
s,strike,1700,132
s,strike,1701,100
s,strike,1702,174
s,strike,1703,326
s,strike,1704,226
s,strike,1705,264
s,strike,1706,236
s,strike,1707,226
s,strike,1708,270
s,strike,1709,192
s,strike,1710,314
s,strike,1711,280
s,strike,1712,218
s,strike,1713,218
s,strike,1714,208
s,strike,1715,160
s,strike,1716,276
s,strike,1717,306
s,strike,1718,272
s,strike,1719,142
s,strike,1720,368
s,strike,1721,350
s,strike,1722,318
s,strike,1723,436
s,strike,1724,418
s,strike,1725,390
s,strike,1726,482
s,strike,1727,496
s,strike,1728,582
s,strike,1729,622
s,strike,1730,496
s,strike,1731,646
s,strike,1732,388
s,strike,1733,384
s,strike,1734,320
s,strike,1735,298
s,strike,1736,320
s,strike,1737,506
s,strike,1738,526
s,strike,1739,514
s,strike,1740,360
s,strike,1741,294
s,strike,1742,454
s,strike,1743,548
s,strike,1744,950
s,strike,1745,592
s,strike,1746,266
s,strike,1747,646
s,strike,1748,988
s,strike,1749,712
s,strike,1750,864
s,strike,1751,704
s,strike,1752,650
s,strike,1753,822
s,strike,1754,696
s,strike,1755,858
s,strike,1756,388
s,strike,1757,1548
s,strike,1758,810
s,strike,1759,986
s,strike,1760,710
s,strike,1761,712
s,strike,1762,482
s,strike,1763,814
s,strike,1764,910
s,strike,1765,770
s,strike,1766,1272
s,strike,1767,1018
s,strike,1768,1420
s,strike,1769,982
s,strike,1770,1190
s,strike,1771,940
s,strike,1772,926
s,strike,1773,980
s,strike,1774,1202
s,strike,1775,1218
s,strike,1776,1470
s,strike,1777,1180
s,strike,1778,1032
s,strike,1779,936
s,strike,1780,1054
s,strike,1781,1114
s,strike,1782,946
s,strike,1783,974
s,strike,1784,1470
s,strike,1785,1502
s,strike,1786,1056
s,strike,1787,1868
s,strike,1788,2074
s,strike,1789,1742
s,strike,1790,1698
s,strike,1791,1796
s,strike,1792,2118
s,strike,1793,2008
s,strike,1794,2146
s,strike,1795,1932
s,strike,1796,2264
s,strike,1797,2392
s,strike,1798,2028
s,strike,1799,2176
s,strike,1800,3434
s,strike,1801,4968
s,strike,1802,4488
s,strike,1803,5412
s,strike,1804,5078
s,strike,1805,6068
s,strike,1806,5802
s,strike,1807,6458
s,strike,1808,6098
s,strike,1809,7254
s,strike,1810,6258
s,strike,1811,7746
s,strike,1812,7182
s,strike,1813,6970
s,strike,1814,6754
s,strike,1815,7536
s,strike,1816,7252
s,strike,1817,8104
s,strike,1818,8054
s,strike,1819,7832
s,strike,1820,10128
s,strike,1821,9144
s,strike,1822,13118
s,strike,1823,13428
s,strike,1824,14196
s,strike,1825,16790
s,strike,1826,12234
s,strike,1827,10238
s,strike,1828,12052
s,strike,1829,12392
s,strike,1830,13082
s,strike,1831,13976
s,strike,1832,14306
s,strike,1833,13980
s,strike,1834,14368
s,strike,1835,16566
s,strike,1836,17644
s,strike,1837,15532
s,strike,1838,16920
s,strike,1839,19572
s,strike,1840,19442
s,strike,1841,19058
s,strike,1842,16936
s,strike,1843,19646
s,strike,1844,19252
s,strike,1845,20816
s,strike,1846,22362
s,strike,1847,20674
s,strike,1848,23146
s,strike,1849,22304
s,strike,1850,25456
s,strike,1851,24816
s,strike,1852,25964
s,strike,1853,30174
s,strike,1854,35162
s,strike,1855,29520
s,strike,1856,33052
s,strike,1857,27960
s,strike,1858,27038
s,strike,1859,30096
s,strike,1860,33046
s,strike,1861,23996
s,strike,1862,20946
s,strike,1863,23006
s,strike,1864,28116
s,strike,1865,29590
s,strike,1866,33174
s,strike,1867,28526
s,strike,1868,32300
s,strike,1869,31628
s,strike,1870,31296
s,strike,1871,30254
s,strike,1872,29644
s,strike,1873,30070
s,strike,1874,35420
s,strike,1875,35310
s,strike,1876,42498
s,strike,1877,39112
s,strike,1878,37370
s,strike,1879,35078
s,strike,1880,43965
s,strike,1881,43220
s,strike,1882,43264
s,strike,1883,49684
s,strike,1884,48062
s,strike,1885,47690
s,strike,1886,42398
s,strike,1887,48145
s,strike,1888,45732
s,strike,1889,45200
s,strike,1890,46470
s,strike,1891,52222
s,strike,1892,55630
s,strike,1893,52566
s,strike,1894,60932
s,strike,1895,62677
s,strike,1896,71410
s,strike,1897,66270
s,strike,1898,72912
s,strike,1899,80058
s,strike,1900,86744
s,strike,1901,82998
s,strike,1902,88462
s,strike,1903,91784
s,strike,1904,96897
s,strike,1905,98428
s,strike,1906,92900
s,strike,1907,96074
s,strike,1908,94218
s,strike,1909,82214
s,strike,1910,96544
s,strike,1911,94837
s,strike,1912,100164
s,strike,1913,114726
s,strike,1914,106444
s,strike,1915,83196
s,strike,1916,93377
s,strike,1917,87346
s,strike,1918,98514
s,strike,1919,108608
s,strike,1920,145850
s,strike,1921,119525
s,strike,1922,130280
s,strike,1923,107480
s,strike,1924,90236
s,strike,1925,86546
s,strike,1926,89556
s,strike,1927,102951
s,strike,1928,86826
s,strike,1929,87000
s,strike,1930,87446
s,strike,1931,100294
s,strike,1932,83558
s,strike,1933,68090
s,strike,1934,98145
s,strike,1935,122490
s,strike,1936,90660
s,strike,1937,106351
s,strike,1938,109672
s,strike,1939,106256
s,strike,1940,107310
s,strike,1941,106002
s,strike,1942,88334
s,strike,1943,75532
s,strike,1944,72740
s,strike,1945,82057
s,strike,1946,106138
s,strike,1947,137687
s,strike,1948,146172
s,strike,1949,138482
s,strike,1950,162867
s,strike,1951,124544
s,strike,1952,139518
s,strike,1953,133526
s,strike,1954,134442
s,strike,1955,149762
s,strike,1956,151436
s,strike,1957,168863
s,strike,1958,153639
s,strike,1959,161958
s,strike,1960,220873
s,strike,1961,215126
s,strike,1962,215704
s,strike,1963,221714
s,strike,1964,241353
s,strike,1965,276109
s,strike,1966,310059
s,strike,1967,326060
s,strike,1968,331182
s,strike,1969,376411
s,strike,1970,364392
s,strike,1971,369863
s,strike,1972,376471
s,strike,1973,370870
s,strike,1974,361898
s,strike,1975,332981
s,strike,1976,344631
s,strike,1977,376549
s,strike,1978,362792
s,strike,1979,372074
s,strike,1980,393348
s,strike,1981,361949
s,strike,1982,426301
s,strike,1983,394912
s,strike,1984,437624
s,strike,1985,450319
s,strike,1986,474785
s,strike,1987,500162
s,strike,1988,494029
s,strike,1989,501498
s,strike,1990,529884
s,strike,1991,507981
s,strike,1992,518047
s,strike,1993,514662
s,strike,1994,538847
s,strike,1995,531347
s,strike,1996,533111
s,strike,1997,549563
s,strike,1998,585715
s,strike,1999,601772
s,strike,2000,667100
s,strike,2001,689547
s,strike,2002,725412
s,strike,2003,782728
s,strike,2004,856359
s,strike,2005,828162
s,strike,2006,846304
s,strike,2007,971645
s,strike,2008,1225538
t,treaty,1515,124
t,treaty,1520,4
t,treaty,1524,134
t,treaty,1563,8
t,treaty,1575,36
t,treaty,1579,18
t,treaty,1581,96
t,treaty,1582,194
t,treaty,1584,20
t,treaty,1587,4
t,treaty,1589,2
t,treaty,1590,14
t,treaty,1600,12
t,treaty,1607,38
t,treaty,1626,2
t,treaty,1628,4
t,treaty,1630,6
t,treaty,1631,6
t,treaty,1632,4
t,treaty,1635,12
t,treaty,1637,78
t,treaty,1638,10
t,treaty,1642,2
t,treaty,1643,6
t,treaty,1644,12
t,treaty,1645,66
t,treaty,1646,2
t,treaty,1647,2
t,treaty,1648,380
t,treaty,1649,20
t,treaty,1653,142
t,treaty,1654,4
t,treaty,1655,24
t,treaty,1656,6
t,treaty,1657,82
t,treaty,1658,160
t,treaty,1659,10
t,treaty,1660,20
t,treaty,1661,22
t,treaty,1662,4
t,treaty,1664,30
t,treaty,1665,26
t,treaty,1667,88
t,treaty,1668,188
t,treaty,1669,10
t,treaty,1670,160
t,treaty,1672,6
t,treaty,1673,740
t,treaty,1674,2
t,treaty,1675,324
t,treaty,1676,520
t,treaty,1677,14
t,treaty,1678,410
t,treaty,1679,196
t,treaty,1680,472
t,treaty,1681,992
t,treaty,1682,588
t,treaty,1683,858
t,treaty,1684,30
t,treaty,1685,390
t,treaty,1686,74
t,treaty,1687,250
t,treaty,1688,362
t,treaty,1689,52
t,treaty,1690,38
t,treaty,1691,106
t,treaty,1692,366
t,treaty,1693,162
t,treaty,1694,78
t,treaty,1695,24
t,treaty,1697,550
t,treaty,1698,512
t,treaty,1699,338
t,treaty,1700,586
t,treaty,1701,256
t,treaty,1702,1474
t,treaty,1703,796
t,treaty,1704,876
t,treaty,1705,538
t,treaty,1706,566
t,treaty,1707,3010
t,treaty,1708,304
t,treaty,1709,950
t,treaty,1710,442
t,treaty,1711,4256
t,treaty,1712,926
t,treaty,1713,266
t,treaty,1714,1340
t,treaty,1715,4186
t,treaty,1716,1692
t,treaty,1717,394
t,treaty,1718,112
t,treaty,1719,694
t,treaty,1720,756
t,treaty,1721,3466
t,treaty,1722,218
t,treaty,1723,772
t,treaty,1724,1930
t,treaty,1725,2154
t,treaty,1726,924
t,treaty,1727,1956
t,treaty,1728,1946
t,treaty,1729,2644
t,treaty,1730,2594
t,treaty,1731,4564
t,treaty,1732,4916
t,treaty,1733,1464
t,treaty,1734,3066
t,treaty,1735,2400
t,treaty,1736,646
t,treaty,1737,398
t,treaty,1738,1364
t,treaty,1739,2464
t,treaty,1740,4780
t,treaty,1741,2576
t,treaty,1742,2050
t,treaty,1743,4279
t,treaty,1744,3830
t,treaty,1745,742
t,treaty,1746,1482
t,treaty,1747,4528
t,treaty,1748,2936
t,treaty,1749,1760
t,treaty,1750,4864
t,treaty,1751,2486
t,treaty,1752,5686
t,treaty,1753,3050
t,treaty,1754,5542
t,treaty,1755,3916
t,treaty,1756,1724
t,treaty,1757,3536
t,treaty,1758,6576
t,treaty,1759,8816
t,treaty,1760,3792
t,treaty,1761,11316
t,treaty,1762,4690
t,treaty,1763,9730
t,treaty,1764,5938
t,treaty,1765,2142
t,treaty,1766,4746
t,treaty,1767,3270
t,treaty,1768,6978
t,treaty,1769,4134
t,treaty,1770,4562
t,treaty,1771,4106
t,treaty,1772,2914
t,treaty,1773,5828
t,treaty,1774,2984
t,treaty,1775,4778
t,treaty,1776,3248
t,treaty,1777,3554
t,treaty,1778,5146
t,treaty,1779,5243
t,treaty,1780,2566
t,treaty,1781,3465
t,treaty,1782,5786
t,treaty,1783,3038
t,treaty,1784,5060
t,treaty,1785,4404
t,treaty,1786,6798
t,treaty,1787,11536
t,treaty,1788,9080
t,treaty,1789,11032
t,treaty,1790,5734
t,treaty,1791,5194
t,treaty,1792,7898
t,treaty,1793,8188
t,treaty,1794,5408
t,treaty,1795,8286
t,treaty,1796,9063
t,treaty,1797,7970
t,treaty,1798,11966
t,treaty,1799,4640
t,treaty,1800,12000
t,treaty,1801,24708
t,treaty,1802,26236
t,treaty,1803,16644
t,treaty,1804,19546
t,treaty,1805,27556
t,treaty,1806,17910
t,treaty,1807,22860
t,treaty,1808,23090
t,treaty,1809,20640
t,treaty,1810,34326
t,treaty,1811,25894
t,treaty,1812,26602
t,treaty,1813,20832
t,treaty,1814,36716
t,treaty,1815,27992
t,treaty,1816,25866
t,treaty,1817,39522
t,treaty,1818,37472
t,treaty,1819,22354
t,treaty,1820,39140
t,treaty,1821,21964
t,treaty,1822,35936
t,treaty,1823,33160
t,treaty,1824,34494
t,treaty,1825,36772
t,treaty,1826,59610
t,treaty,1827,45258
t,treaty,1828,53478
t,treaty,1829,50276
t,treaty,1830,37640
t,treaty,1831,35603
t,treaty,1832,44256
t,treaty,1833,43386
t,treaty,1834,35577
t,treaty,1835,44930
t,treaty,1836,76796
t,treaty,1837,55312
t,treaty,1838,49256
t,treaty,1839,61268
t,treaty,1840,77518
t,treaty,1841,59486
t,treaty,1842,44217
t,treaty,1843,54726
t,treaty,1844,63210
t,treaty,1845,75464
t,treaty,1846,82010
t,treaty,1847,70986
t,treaty,1848,69262
t,treaty,1849,65448
t,treaty,1850,64448
t,treaty,1851,90950
t,treaty,1852,73682
t,treaty,1853,95770
t,treaty,1854,118110
t,treaty,1855,90532
t,treaty,1856,123942
t,treaty,1857,95812
t,treaty,1858,112539
t,treaty,1859,93314
t,treaty,1860,86432
t,treaty,1861,77574
t,treaty,1862,43903
t,treaty,1863,53064
t,treaty,1864,82816
t,treaty,1865,63092
t,treaty,1866,76100
t,treaty,1867,54108
t,treaty,1868,56960
t,treaty,1869,56136
t,treaty,1870,60232
t,treaty,1871,57736
t,treaty,1872,59280
t,treaty,1873,65266
t,treaty,1874,70112
t,treaty,1875,89108
t,treaty,1876,67266
t,treaty,1877,104924
t,treaty,1878,73066
t,treaty,1879,87208
t,treaty,1880,109250
t,treaty,1881,89596
t,treaty,1882,97246
t,treaty,1883,97778
t,treaty,1884,112480
t,treaty,1885,103818
t,treaty,1886,85796
t,treaty,1887,102253
t,treaty,1888,105274
t,treaty,1889,86856
t,treaty,1890,90408
t,treaty,1891,95286
t,treaty,1892,91194
t,treaty,1893,93222
t,treaty,1894,126130
t,treaty,1895,124658
t,treaty,1896,111063
t,treaty,1897,108848
t,treaty,1898,137588
t,treaty,1899,139891
t,treaty,1900,200906
t,treaty,1901,170428
t,treaty,1902,199192
t,treaty,1903,157452
t,treaty,1904,230690
t,treaty,1905,181250
t,treaty,1906,170012
t,treaty,1907,152050
t,treaty,1908,159131
t,treaty,1909,156248
t,treaty,1910,168163
t,treaty,1911,128190
t,treaty,1912,145892
t,treaty,1913,148406
t,treaty,1914,160034
t,treaty,1915,197918
t,treaty,1916,208416
t,treaty,1917,150842
t,treaty,1918,127460
t,treaty,1919,172605
t,treaty,1920,242619
t,treaty,1921,205617
t,treaty,1922,268620
t,treaty,1923,157591
t,treaty,1924,142808
t,treaty,1925,172573
t,treaty,1926,125522
t,treaty,1927,178944
t,treaty,1928,190262
t,treaty,1929,195185
t,treaty,1930,171142
t,treaty,1931,168806
t,treaty,1932,164380
t,treaty,1933,160468
t,treaty,1934,183801
t,treaty,1935,177070
t,treaty,1936,184445
t,treaty,1937,173639
t,treaty,1938,200952
t,treaty,1939,183643
t,treaty,1940,206893
t,treaty,1941,146232
t,treaty,1942,113332
t,treaty,1943,120547
t,treaty,1944,104084
t,treaty,1945,124908
t,treaty,1946,119550
t,treaty,1947,175464
t,treaty,1948,157165
t,treaty,1949,151063
t,treaty,1950,182881
t,treaty,1951,181045
t,treaty,1952,190832
t,treaty,1953,167710
t,treaty,1954,187841
t,treaty,1955,211868
t,treaty,1956,180648
t,treaty,1957,193171
t,treaty,1958,226580
t,treaty,1959,226361
t,treaty,1960,266085
t,treaty,1961,276568
t,treaty,1962,349636
t,treaty,1963,353128
t,treaty,1964,362250
t,treaty,1965,415748
t,treaty,1966,443339
t,treaty,1967,456742
t,treaty,1968,499737
t,treaty,1969,540964
t,treaty,1970,484719
t,treaty,1971,471212
t,treaty,1972,434360
t,treaty,1973,441834
t,treaty,1974,406139
t,treaty,1975,363375
t,treaty,1976,345013
t,treaty,1977,336060
t,treaty,1978,369802
t,treaty,1979,390737
t,treaty,1980,396468
t,treaty,1981,397069
t,treaty,1982,369960
t,treaty,1983,378238
t,treaty,1984,428708
t,treaty,1985,394529
t,treaty,1986,441858
t,treaty,1987,483321
t,treaty,1988,534059
t,treaty,1989,520727
t,treaty,1990,535995
t,treaty,1991,527137
t,treaty,1992,589076
t,treaty,1993,581452
t,treaty,1994,600551
t,treaty,1995,640136
t,treaty,1996,700298
t,treaty,1997,689531
t,treaty,1998,706886
t,treaty,1999,768587
t,treaty,2000,852766
t,treaty,2001,832518
t,treaty,2002,901691
t,treaty,2003,930446
t,treaty,2004,924795
t,treaty,2005,944890
t,treaty,2006,1097570
t,treaty,2007,1109170
t,treaty,2008,1364888
t,trust,1507,6
t,trust,1515,2
t,trust,1520,14
t,trust,1524,20
t,trust,1563,32
t,trust,1568,12
t,trust,1572,36
t,trust,1575,16
t,trust,1579,66
t,trust,1581,150
t,trust,1582,34
t,trust,1584,2
t,trust,1587,22
t,trust,1588,4
t,trust,1590,20
t,trust,1592,38
t,trust,1593,12
t,trust,1595,4
t,trust,1598,8
t,trust,1600,134
t,trust,1602,2
t,trust,1603,4
t,trust,1606,12
t,trust,1607,46
t,trust,1611,4
t,trust,1614,2
t,trust,1619,4
t,trust,1620,76
t,trust,1621,12
t,trust,1623,36
t,trust,1624,20
t,trust,1625,28
t,trust,1626,28
t,trust,1629,52
t,trust,1630,30
t,trust,1631,4
t,trust,1632,4
t,trust,1635,10
t,trust,1636,4
t,trust,1637,74
t,trust,1638,16
t,trust,1640,30
t,trust,1641,2
t,trust,1642,6
t,trust,1643,50
t,trust,1644,160
t,trust,1645,56
t,trust,1647,50
t,trust,1648,72
t,trust,1649,106
t,trust,1650,54
t,trust,1651,104
t,trust,1652,16
t,trust,1653,108
t,trust,1654,24
t,trust,1655,84
t,trust,1656,58
t,trust,1657,16
t,trust,1658,62
t,trust,1659,42
t,trust,1660,48
t,trust,1661,48
t,trust,1662,18
t,trust,1663,20
t,trust,1664,18
t,trust,1665,28
t,trust,1666,2
t,trust,1667,82
t,trust,1668,216
t,trust,1669,40
t,trust,1670,164
t,trust,1671,12
t,trust,1672,62
t,trust,1673,142
t,trust,1674,10
t,trust,1675,242
t,trust,1676,392
t,trust,1677,152
t,trust,1678,294
t,trust,1679,196
t,trust,1680,130
t,trust,1681,598
t,trust,1682,652
t,trust,1683,1060
t,trust,1684,358
t,trust,1685,244
t,trust,1686,194
t,trust,1687,328
t,trust,1688,252
t,trust,1689,130
t,trust,1690,94
t,trust,1691,30
t,trust,1692,242
t,trust,1693,172
t,trust,1694,358
t,trust,1695,62
t,trust,1696,98
t,trust,1697,141
t,trust,1698,502
t,trust,1699,452
t,trust,1700,653
t,trust,1701,412
t,trust,1702,726
t,trust,1703,1132
t,trust,1704,594
t,trust,1705,718
t,trust,1706,1458
t,trust,1707,890
t,trust,1708,784
t,trust,1709,596
t,trust,1710,1358
t,trust,1711,876
t,trust,1712,734
t,trust,1713,750
t,trust,1714,1298
t,trust,1715,1636
t,trust,1716,674
t,trust,1717,1376
t,trust,1718,1094
t,trust,1719,432
t,trust,1720,1456
t,trust,1721,1290
t,trust,1722,1318
t,trust,1723,1038
t,trust,1724,1636
t,trust,1725,2722
t,trust,1726,1242
t,trust,1727,1788
t,trust,1728,1182
t,trust,1729,1124
t,trust,1730,1014
t,trust,1731,1262
t,trust,1732,1442
t,trust,1733,604
t,trust,1734,1192
t,trust,1735,1898
t,trust,1736,1042
t,trust,1737,2186
t,trust,1738,1844
t,trust,1739,1328
t,trust,1740,1860
t,trust,1741,1088
t,trust,1742,1168
t,trust,1743,1330
t,trust,1744,1770
t,trust,1745,1156
t,trust,1746,1194
t,trust,1747,2186
t,trust,1748,2106
t,trust,1749,1706
t,trust,1750,3474
t,trust,1751,3197
t,trust,1752,1836
t,trust,1753,3234
t,trust,1754,2972
t,trust,1755,3088
t,trust,1756,1016
t,trust,1757,1430
t,trust,1758,1562
t,trust,1759,2598
t,trust,1760,1808
t,trust,1761,2626
t,trust,1762,920
t,trust,1763,3208
t,trust,1764,2232
t,trust,1765,2062
t,trust,1766,3452
t,trust,1767,2270
t,trust,1768,3430
t,trust,1769,2258
t,trust,1770,2106
t,trust,1771,2818
t,trust,1772,2552
t,trust,1773,2592
t,trust,1774,2714
t,trust,1775,3844
t,trust,1776,2658
t,trust,1777,3126
t,trust,1778,2412
t,trust,1779,2028
t,trust,1780,2566
t,trust,1781,2266
t,trust,1782,2542
t,trust,1783,2956
t,trust,1784,3836
t,trust,1785,3272
t,trust,1786,3174
t,trust,1787,6082
t,trust,1788,7660
t,trust,1789,4894
t,trust,1790,4822
t,trust,1791,8712
t,trust,1792,8460
t,trust,1793,6292
t,trust,1794,6734
t,trust,1795,7710
t,trust,1796,8006
t,trust,1797,6853
t,trust,1798,6686
t,trust,1799,8260
t,trust,1800,10650
t,trust,1801,15824
t,trust,1802,15852
t,trust,1803,15869
t,trust,1804,15842
t,trust,1805,16633
t,trust,1806,18628
t,trust,1807,19458
t,trust,1808,22352
t,trust,1809,22348
t,trust,1810,27862
t,trust,1811,30547
t,trust,1812,27972
t,trust,1813,24628
t,trust,1814,25975
t,trust,1815,26850
t,trust,1816,26706
t,trust,1817,28665
t,trust,1818,35297
t,trust,1819,27610
t,trust,1820,40748
t,trust,1821,37836
t,trust,1822,51676
t,trust,1823,42390
t,trust,1824,52178
t,trust,1825,56133
t,trust,1826,49587
t,trust,1827,44617
t,trust,1828,49256
t,trust,1829,54404
t,trust,1830,69106
t,trust,1831,50112
t,trust,1832,55854
t,trust,1833,57120
t,trust,1834,53569
t,trust,1835,58926
t,trust,1836,65542
t,trust,1837,64810
t,trust,1838,63910
t,trust,1839,80734
t,trust,1840,71428
t,trust,1841,63678
t,trust,1842,60048
t,trust,1843,71030
t,trust,1844,81217
t,trust,1845,87396
t,trust,1846,85372
t,trust,1847,78694
t,trust,1848,84878
t,trust,1849,85997
t,trust,1850,77224
t,trust,1851,90186
t,trust,1852,91234
t,trust,1853,105350
t,trust,1854,102800
t,trust,1855,93824
t,trust,1856,109121
t,trust,1857,91694
t,trust,1858,92890
t,trust,1859,102206
t,trust,1860,102212
t,trust,1861,78238
t,trust,1862,65410
t,trust,1863,70248
t,trust,1864,81096
t,trust,1865,79367
t,trust,1866,90224
t,trust,1867,82694
t,trust,1868,83572
t,trust,1869,82492
t,trust,1870,92077
t,trust,1871,83295
t,trust,1872,89757
t,trust,1873,102017
t,trust,1874,94384
t,trust,1875,88079
t,trust,1876,105603
t,trust,1877,108243
t,trust,1878,92137
t,trust,1879,98428
t,trust,1880,121302
t,trust,1881,109207
t,trust,1882,121859
t,trust,1883,143623
t,trust,1884,141779
t,trust,1885,123961
t,trust,1886,106094
t,trust,1887,116926
t,trust,1888,128664
t,trust,1889,110636
t,trust,1890,109778
t,trust,1891,122121
t,trust,1892,129247
t,trust,1893,120832
t,trust,1894,128716
t,trust,1895,139061
t,trust,1896,136128
t,trust,1897,150134
t,trust,1898,140743
t,trust,1899,174182
t,trust,1900,189149
t,trust,1901,185678
t,trust,1902,192802
t,trust,1903,186183
t,trust,1904,212706
t,trust,1905,195430
t,trust,1906,196217
t,trust,1907,182351
t,trust,1908,219329
t,trust,1909,195893
t,trust,1910,180395
t,trust,1911,193835
t,trust,1912,220074
t,trust,1913,204289
t,trust,1914,215413
t,trust,1915,182264
t,trust,1916,164430
t,trust,1917,160839
t,trust,1918,117262
t,trust,1919,148619
t,trust,1920,195856
t,trust,1921,199790
t,trust,1922,224200
t,trust,1923,147583
t,trust,1924,134341
t,trust,1925,160717
t,trust,1926,151566
t,trust,1927,167693
t,trust,1928,183218
t,trust,1929,150467
t,trust,1930,149796
t,trust,1931,172499
t,trust,1932,168513
t,trust,1933,118321
t,trust,1934,154633
t,trust,1935,224523
t,trust,1936,182349
t,trust,1937,157422
t,trust,1938,165318
t,trust,1939,181425
t,trust,1940,187595
t,trust,1941,148527
t,trust,1942,120466
t,trust,1943,90504
t,trust,1944,76575
t,trust,1945,116905
t,trust,1946,160955
t,trust,1947,155784
t,trust,1948,195575
t,trust,1949,184083
t,trust,1950,236874
t,trust,1951,214708
t,trust,1952,208753
t,trust,1953,177196
t,trust,1954,176669
t,trust,1955,230938
t,trust,1956,320906
t,trust,1957,215012
t,trust,1958,215217
t,trust,1959,245357
t,trust,1960,331464
t,trust,1961,328915
t,trust,1962,286205
t,trust,1963,282172
t,trust,1964,269693
t,trust,1965,341420
t,trust,1966,371366
t,trust,1967,491385
t,trust,1968,427741
t,trust,1969,391269
t,trust,1970,427165
t,trust,1971,420433
t,trust,1972,422451
t,trust,1973,432477
t,trust,1974,415084
t,trust,1975,422816
t,trust,1976,449531
t,trust,1977,539386
t,trust,1978,547975
t,trust,1979,485519
t,trust,1980,532575
t,trust,1981,547704
t,trust,1982,646487
t,trust,1983,622784
t,trust,1984,616479
t,trust,1985,639936
t,trust,1986,692030
t,trust,1987,765540
t,trust,1988,801280
t,trust,1989,803594
t,trust,1990,852000
t,trust,1991,930342
t,trust,1992,1024284
t,trust,1993,925270
t,trust,1994,1067016
t,trust,1995,1131495
t,trust,1996,1170569
t,trust,1997,1254395
t,trust,1998,1381913
t,trust,1999,1536870
t,trust,2000,1714970
t,trust,2001,1792410
t,trust,2002,2011109
t,trust,2003,2175118
t,trust,2004,2390204
t,trust,2005,2423890
t,trust,2006,2508409
t,trust,2007,2833559
t,trust,2008,3521302
w,war,1507,12
w,war,1515,106
w,war,1520,20
w,war,1524,342
w,war,1563,94
w,war,1568,28
w,war,1572,40
w,war,1574,2
w,war,1575,572
w,war,1579,94
w,war,1581,232
w,war,1582,1446
w,war,1584,32
w,war,1587,12
w,war,1589,18
w,war,1590,360
w,war,1592,6
w,war,1593,4
w,war,1598,20
w,war,1600,12
w,war,1603,8
w,war,1607,184
w,war,1611,4
w,war,1612,48
w,war,1614,2
w,war,1618,2
w,war,1619,6
w,war,1620,6
w,war,1621,2
w,war,1624,32
w,war,1625,6
w,war,1626,26
w,war,1628,20
w,war,1629,12
w,war,1631,10
w,war,1632,20
w,war,1634,6
w,war,1635,46
w,war,1637,568
w,war,1638,22
w,war,1642,14
w,war,1643,142
w,war,1644,464
w,war,1645,68
w,war,1646,6
w,war,1647,32
w,war,1648,1044
w,war,1649,286
w,war,1650,22
w,war,1651,394
w,war,1652,12
w,war,1653,174
w,war,1654,24
w,war,1655,184
w,war,1656,352
w,war,1657,378
w,war,1658,150
w,war,1659,122
w,war,1660,70
w,war,1661,138
w,war,1662,64
w,war,1663,74
w,war,1664,88
w,war,1665,258
w,war,1666,8
w,war,1667,290
w,war,1668,408
w,war,1669,124
w,war,1670,436
w,war,1671,32
w,war,1672,84
w,war,1673,1084
w,war,1674,36
w,war,1675,1312
w,war,1676,1070
w,war,1677,118
w,war,1678,1834
w,war,1679,532
w,war,1680,2284
w,war,1681,1718
w,war,1682,920
w,war,1683,2232
w,war,1684,590
w,war,1685,1968
w,war,1686,962
w,war,1687,322
w,war,1688,2156
w,war,1689,672
w,war,1690,306
w,war,1691,404
w,war,1692,662
w,war,1693,1086
w,war,1694,1092
w,war,1695,230
w,war,1696,214
w,war,1697,1162
w,war,1698,2459
w,war,1699,826
w,war,1700,2262
w,war,1701,2078
w,war,1702,2984
w,war,1703,3652
w,war,1704,2650
w,war,1705,3228
w,war,1706,4822
w,war,1707,4546
w,war,1708,2864
w,war,1709,2302
w,war,1710,3156
w,war,1711,7738
w,war,1712,2658
w,war,1713,1228
w,war,1714,3110
w,war,1715,5725
w,war,1716,1648
w,war,1717,2326
w,war,1718,1496
w,war,1719,2670
w,war,1720,3458
w,war,1721,3402
w,war,1722,1840
w,war,1723,3602
w,war,1724,5772
w,war,1725,2872
w,war,1726,3162
w,war,1727,10201
w,war,1728,7547
w,war,1729,8056
w,war,1730,6012
w,war,1731,10168
w,war,1732,4612
w,war,1733,3542
w,war,1734,7702
w,war,1735,4584
w,war,1736,2898
w,war,1737,4866
w,war,1738,6012
w,war,1739,8750
w,war,1740,7108
w,war,1741,6468
w,war,1742,6864
w,war,1743,6034
w,war,1744,11072
w,war,1745,4286
w,war,1746,3984
w,war,1747,13543
w,war,1748,9940
w,war,1749,4750
w,war,1750,16002
w,war,1751,10742
w,war,1752,14690
w,war,1753,13966
w,war,1754,14532
w,war,1755,13182
w,war,1756,6974
w,war,1757,9660
w,war,1758,17674
w,war,1759,19020
w,war,1760,15214
w,war,1761,23307
w,war,1762,11734
w,war,1763,19108
w,war,1764,17856
w,war,1765,6912
w,war,1766,13772
w,war,1767,10762
w,war,1768,23244
w,war,1769,13352
w,war,1770,16814
w,war,1771,22070
w,war,1772,11716
w,war,1773,13296
w,war,1774,11972
w,war,1775,14549
w,war,1776,15643
w,war,1777,14796
w,war,1778,16832
w,war,1779,25298
w,war,1780,14484
w,war,1781,14880
w,war,1782,15484
w,war,1783,14660
w,war,1784,14122
w,war,1785,19900
w,war,1786,19382
w,war,1787,33282
w,war,1788,30791
w,war,1789,29226
w,war,1790,28094
w,war,1791,21040
w,war,1792,28318
w,war,1793,29466
w,war,1794,29068
w,war,1795,35583
w,war,1796,36209
w,war,1797,38384
w,war,1798,32102
w,war,1799,24662
w,war,1800,43632
w,war,1801,69728
w,war,1802,85568
w,war,1803,64601
w,war,1804,87890
w,war,1805,90546
w,war,1806,84195
w,war,1807,87518
w,war,1808,89722
w,war,1809,85553
w,war,1810,96585
w,war,1811,105176
w,war,1812,114054
w,war,1813,86320
w,war,1814,149074
w,war,1815,118486
w,war,1816,95242
w,war,1817,141239
w,war,1818,153874
w,war,1819,95582
w,war,1820,148079
w,war,1821,99842
w,war,1822,156408
w,war,1823,167917
w,war,1824,144438
w,war,1825,175415
w,war,1826,148636
w,war,1827,158778
w,war,1828,174432
w,war,1829,199684
w,war,1830,163835
w,war,1831,153042
w,war,1832,169319
w,war,1833,159326
w,war,1834,158253
w,war,1835,205680
w,war,1836,240231
w,war,1837,197886
w,war,1838,191014
w,war,1839,230330
w,war,1840,243260
w,war,1841,217792
w,war,1842,178458
w,war,1843,207278
w,war,1844,250058
w,war,1845,280382
w,war,1846,285825
w,war,1847,289628
w,war,1848,265451
w,war,1849,287795
w,war,1850,301479
w,war,1851,317939
w,war,1852,345151
w,war,1853,373656
w,war,1854,446095
w,war,1855,383491
w,war,1856,440239
w,war,1857,374175
w,war,1858,342230
w,war,1859,342095
w,war,1860,356654
w,war,1861,297109
w,war,1862,266144
w,war,1863,300324
w,war,1864,371109
w,war,1865,336328
w,war,1866,438767
w,war,1867,320966
w,war,1868,354426
w,war,1869,320613
w,war,1870,319246
w,war,1871,363759
w,war,1872,298584
w,war,1873,291104
w,war,1874,354300
w,war,1875,384027
w,war,1876,380172
w,war,1877,427812
w,war,1878,371161
w,war,1879,403170
w,war,1880,520834
w,war,1881,470463
w,war,1882,505119
w,war,1883,513207
w,war,1884,545637
w,war,1885,520430
w,war,1886,432997
w,war,1887,485500
w,war,1888,491307
w,war,1889,471536
w,war,1890,521085
w,war,1891,510810
w,war,1892,541252
w,war,1893,526805
w,war,1894,545928
w,war,1895,601301
w,war,1896,608548
w,war,1897,611415
w,war,1898,741031
w,war,1899,891902
w,war,1900,937757
w,war,1901,822145
w,war,1902,832502
w,war,1903,759160
w,war,1904,927005
w,war,1905,910203
w,war,1906,873291
w,war,1907,826708
w,war,1908,808234
w,war,1909,744575
w,war,1910,809152
w,war,1911,724998
w,war,1912,811032
w,war,1913,789304
w,war,1914,942128
w,war,1915,1304785
w,war,1916,1269647
w,war,1917,1369088
w,war,1918,1627843
w,war,1919,1737160
w,war,1920,1585149
w,war,1921,1380397
w,war,1922,1436080
w,war,1923,1080937
w,war,1924,926233
w,war,1925,908469
w,war,1926,857368
w,war,1927,1063609
w,war,1928,1080052
w,war,1929,973548
w,war,1930,1107986
w,war,1931,1081960
w,war,1932,911456
w,war,1933,827226
w,war,1934,1014056
w,war,1935,1095953
w,war,1936,1113881
w,war,1937,1153630
w,war,1938,1125244
w,war,1939,1303748
w,war,1940,1359500
w,war,1941,1340320
w,war,1942,1527720
w,war,1943,1583355
w,war,1944,1397951
w,war,1945,1434230
w,war,1946,1547386
w,war,1947,1659361
w,war,1948,1633356
w,war,1949,1722235
w,war,1950,1629961
w,war,1951,1576219
w,war,1952,1652002
w,war,1953,1501676
w,war,1954,1627736
w,war,1955,1648308
w,war,1956,1630569
w,war,1957,1719980
w,war,1958,1649891
w,war,1959,1785537
w,war,1960,2065424
w,war,1961,2259117
w,war,1962,2437358
w,war,1963,2515047
w,war,1964,2548558
w,war,1965,2970769
w,war,1966,3097870
w,war,1967,3299172
w,war,1968,3576395
w,war,1969,3470148
w,war,1970,3570646
w,war,1971,3401603
w,war,1972,3435380
w,war,1973,3080263
w,war,1974,3020861
w,war,1975,2950501
w,war,1976,2909530
w,war,1977,2883871
w,war,1978,2947685
w,war,1979,3030717
w,war,1980,3002612
w,war,1981,3019263
w,war,1982,3148049
w,war,1983,3113723
w,war,1984,3509265
w,war,1985,3598509
w,war,1986,3703230
w,war,1987,3832731
w,war,1988,4094281
w,war,1989,4355542
w,war,1990,4478273
w,war,1991,4540593
w,war,1992,4781796
w,war,1993,4753288
w,war,1994,4997277
w,war,1995,5184954
w,war,1996,5598123
w,war,1997,5669750
w,war,1998,6045115
w,war,1999,6434688
w,war,2000,7360023
w,war,2001,7332553
w,war,2002,8183546
w,war,2003,8571203
w,war,2004,9499892
w,war,2005,9342502
w,war,2006,9947870
w,war,2007,11088601
w,war,2008,12535975
